Date,Day,Hour,Nuclear %,Nuclear MW,Hydro %,Hydro MW,Gas %,Gas MW,Wind %,Wind MW,Solar %,Solar MW,Biofuel %,Biofuel MW,Nuc.+Hyd. %,Nuc.+Hyd. MW,Total MW
2019-01-01,Tuesday,8:45,69.7,11214,23.5,3774,1.5,238,5.3,857,,,,,93.2,"14,988","16,083"
2019-01-01,Tuesday,12:45,68.9,11219,21.2,3459,2.6,419,6.8,1107,0.5,76,,,90.1,"14,678","16,280"
2019-01-01,Tuesday,20:45,59.9,11231,32.1,6013,6.1,1146,1.8,345,,,,,92.0,"17,244","18,735"
2019-01-02,Wednesday,7:45,69.7,11243,21.6,3494,6.9,1119,1.7,275,,,,,91.3,"14,737","16,131"
2019-01-02,Wednesday,14:45,61.2,11228,25.7,4717,8.3,1517,4.3,786,0.4,77,0.1,27,86.9,"15,945","18,352"
2019-01-02,Wednesday,20:45,56.7,11219,29.4,5821,7.1,1397,6.4,1267,,,0.5,99,86.1,"17,040","19,803"
2019-01-03,Thursday,7:45,65.6,11209,20.2,3443,1.8,311,12.2,2091,,,,,85.8,"14,652","17,054"
2019-01-03,Thursday,14:45,59.3,11225,22.2,4196,2.5,480,15.6,2946,0.2,44,0.1,28,81.5,"15,421","18,919"
2019-01-03,Thursday,20:45,56.2,11239,25.2,5033,3.2,637,15.4,3072,,,,,81.4,"16,272","19,981"
2019-01-04,Friday,6:45,67.6,11210,18.6,3087,1.6,261,12.1,2015,,,,,86.2,"14,297","16,573"
2019-01-04,Friday,13:45,62.4,11207,21.3,3833,4.9,873,10.1,1817,1.1,198,0.2,27,83.7,"15,040","17,955"
2019-01-04,Friday,20:45,60.5,11206,28.9,5362,5.8,1066,4.7,870,,,0.1,27,89.4,"16,568","18,531"
2019-01-05,Saturday,9:45,67.1,11180,29.7,4947,0.9,146,2.3,383,,,,,96.8,"16,127","16,656"
2019-01-05,Saturday,13:45,67.3,11185,30.3,5032,0.9,157,0.9,145,0.6,104,,,97.6,"16,217","16,623"
2019-01-05,Saturday,20:45,60.6,11199,24.5,4527,0.9,166,14.1,2600,,,,,85.1,"15,726","18,492"
2019-01-06,Sunday,8:45,67.8,11178,20.9,3455,1.2,204,10.1,1658,,,,,88.7,"14,633","16,495"
2019-01-06,Sunday,12:45,67.4,11174,22.7,3759,2.0,325,6.8,1121,1.1,188,,,90.1,"14,933","16,567"
2019-01-06,Sunday,20:45,60.6,11153,31.1,5726,2.3,421,6.0,1107,,,,,91.7,"16,879","18,407"
2019-01-07,Monday,12:45,54.7,11160,27.4,5582,1.3,270,16.4,3354,0.2,34,,,82.1,"16,742","20,400"
2019-01-07,Monday,20:45,54.5,11171,24.7,5058,2.6,536,18.2,3742,,,,,79.2,"16,229","20,507"
2019-01-08,Tuesday,6:45,68.0,11192,20.3,3337,1.5,248,10.2,1671,,,,,88.3,"14,529","16,448"
2019-01-08,Tuesday,13:45,63.3,11041,24.6,4284,5.1,890,6.6,1151,0.3,50,0.2,27,87.9,"15,325","17,443"
2019-01-08,Tuesday,20:45,58.4,11215,24.0,4610,3.5,664,14.0,2693,,,,,82.4,"15,825","19,182"
2019-01-09,Wednesday,6:45,67.7,11211,19.6,3241,1.5,241,11.2,1854,,,,,87.3,"14,452","16,547"
2019-01-09,Wednesday,12:45,58.3,11206,19.4,3720,1.8,338,19.3,3702,0.1,28,1.1,212,77.7,"14,926","19,206"
2019-01-09,Wednesday,20:45,54.5,11203,23.5,4834,2.2,464,19.6,4031,,,,,78.0,"16,037","20,532"
2019-01-10,Thursday,6:45,62.5,11193,20.0,3588,1.3,237,16.0,2668,,,,,82.5,"14,781","17,886"
2019-01-10,Thursday,15:45,57.5,11181,21.6,4212,5.7,1110,14.2,2758,0.9,170,,,79.1,"15,393","19,431"
2019-01-10,Thursday,20:45,54.1,11176,28.9,5968,6.7,1382,10.2,2108,,,,,83.0,"17,144","20,634"
2019-01-11,Friday,6:45,64.5,11178,26.5,4596,5.6,975,3.1,531,,,0.2,37,91.0,"15,774","17,317"
2019-01-11,Friday,12:45,61.0,11182,28.0,5135,9.0,1650,0.2,30,1.4,250,0.5,87,89.0,"16,317","18,334"
2019-01-11,Friday,20:45,56.6,11186,29.4,5815,12.8,2523,0.8,159,,,0.4,87,86.0,"17,001","19,770"
2019-01-12,Saturday,8:45,64.6,11005,30.0,5117,3.2,540,2.2,383,,,,,94.6,"16,122","17,045"
2019-01-12,Saturday,12:45,61.8,11006,27.4,4875,5.4,802,4.5,802,0.8,151,,,89.2,"15,881","17,795"
2019-01-12,Saturday,20:45,58.5,11005,27.8,5229,6.9,1293,6.8,1272,,,,,86.3,"16,234","18,799"
2019-01-13, Sunday,8:45,63.7,11021,23.7,4104,1.9,324,10.7,1857,,,,,87.4,"15,125","17,306"
2019-01-13, Sunday,13:45,60.7,11019,25.5,4619,5.7,1033,6.4,1160,1.7,314,,,86.2,"15,638","18,145"
2019-01-13, Sunday,20:45,55.0,11020,28.5,5719,11.0,2200,5.5,1101,,,,,83.5,"16,739","20,040"
2019-01-14,Monday,8:45,64.9,11135,24.3,4165,9.5,1633,1.3,215,,,,,89.2,"15,300","17,148"
2019-01-14,Monday,12:45,60.0,11236,25.2,4725,12.9,2408,0.4,76,1.3,242,0.1,28,85.2,"15,961","18,715"
2019-01-14,Monday,20:45,55.0,11245,26.7,5458,13.5,2765,4.7,564,,,,,81.7,"16,703","20,432"
2019-01-15,Tuesday,6:45,68.6,11241,22.5,3686,4.2,692,4.5,742,,,,,91.1,"14,927","16,361"
2019-01-15,Tuesday,12:45,58.6,11237,25.6,4902,8.9,1713,6.5,1254,0.3,49,,,84.2,"16,139","19,155"
2019-01-15,Tuesday,20:45,56.2,11239,24.3,4853,3.7,730,15.6,3165,,,,,80.5,"16,092","19,987"
2019-01-16,Wednesday,7:45,62.7,11234,19.8,3551,1.9,339,15.5,2769,,,,,82.5,"14,785","17,893"
2019-01-16,Wednesday,12:45,60.1,11278,21.0,3935,4.8,904,13.3,2503,0.7,128,0.1,27,81.1,"15,213","18,775"
2019-01-16,Wednesday,20:45,54.8,11292,27.8,5724,13.8,2852,3.5,715,,,,,82.6,"17,016","20,583"
2019-01-17,Thursday,4:45,65.8,10438,25.3,4010,6.3,1002,2.6,407,,,,,91.1,"14,448","15,857"
2019-01-17,Thursday,15:45,54.4,10418,25.3,4855,13.8,2654,5.6,1079,0.4,76,0.4,82,79.7,"15,273","19,164"
2019-01-17,Thursday,20:45,50.7,10427,28.2,5812,16.0,3299,4.5,933,,,0.5,112,78.9,"16,239","20,583"
2019-01-18,Friday,7:45,58.1,10410,25.7,4599,9.3,1668,6.6,1176,,,0.4,76,83.8,"15,009","17,929"
2019-01-18,Friday,12:45,54.5,10404,27.5,5255,9.8,1872,7.6,1457,,,0.5,89,82.0,"15,659","19,077"
2019-01-18,Friday,20:45,53.3,10409,29.6,5779,10.5,2048,6.2,1210,,,0.4,85,82.9,"16,188","19,531"
2019-01-19,Saturday,8:45,58.7,10404,25.6,4541,5.1,902,10.4,1848,,,,,84.3,"14,945","17,695"
2019-01-19,Saturday,13:45,50.5,10398,24.8,5113,13.6,2797,10.2,2106,0.2,33,0.6,129,75.3,"15,511","20,576"
2019-01-19,Saturday,20:45,45.9,10076,26.5,5816,12.3,2699,15.0,3285,,,0.4,87,72.4,"15,892","21,963"
2019-01-20,Sunday,7:45,53.2,10085,19.9,3775,7.3,1386,19.6,3715,,,,,73.1,"13,860","18,961"
2019-01-20,Sunday,15:45,48.1,10091,23.3,4885,10.3,2161,17.3,3627,0.7,157,0.3,54,71.4,"14,976","20,975"
2019-01-20,Sunday,20:45,43.7,10092,25.6,5911,15.8,3636,14.6,3362,,,0.3,74,69.3,"16,003","23,075"
2019-01-21,Monday,6:45,55.0,10095,21.4,3927,12.9,2368,10.7,1959,,,,,76.4,"14,022","18,349"
2019-01-21,Monday,12:45,48.5,10095,24.8,5156,21.3,4431,4.0,839,0.9,188,0.5,99,73.3,"15,251","20,808"
2019-01-21,Monday,20:45,45.9,10107,27.5,6058,21.6,4753,4.3,945,,,0.6,133,73.4,"16,165","21,996"
2019-01-22,Tuesday,6:45,56.2,9997,21.8,3872,15.3,2712,6.4,1131,,,0.4,70,78.0,"13,869","17,782"
2019-01-22,Tuesday,13:45,49.5,9975,21.9,4421,16.0,3216,11.9,2396,0.5,109,0.1,28,71.4,"14,396","20,145"
2019-01-22,Tuesday,20:45,47.2,10333,24.3,5316,14.2,3104,14.3,3133,,,,,71.5,"15,649","21,886"
2019-01-23,Wednesday,6:45,62.2,10368,20.3,3381,5.7,952,11.7,1946,,,,,82.5,"13,749","16,647"
2019-01-23,Wednesday,12:45,52.4,10398,23.2,4596,7.7,1532,16.4,3256,,,,,75.6,"14,994","19,782"
2019-01-23,Wednesday,20:45,51.4,10394,23.7,4784,6.5,1319,18.2,3684,,,,,75.1,"15,178","20,181"
2019-01-24,Thursday,6:45,64.8,10420,20.1,3237,4.8,765,10.3,1651,,,,,84.9,"13,657","16,073"
2019-01-24,Thursday,20:45,53.1,10413,24.7,4833,8.6,1691,13.4,2629,,,,,77.8,"15,246","19,566"
2019-01-25,Friday,8:45,54.9,10410,22.3,4237,1.5,280,20.4,3877,,,0.8,158,77.2,"14,647","18,962"
2019-01-25,Friday,13:45,54.3,10404,21.6,4136,4.2,803,18.1,3467,1.0,196,0.9,164,75.9,"14,540","19,170"
2019-01-25,Friday,20:45,53.6,10405,22.9,4435,8.1,1573,15.3,2960,,,0.2,31,76.5,"14,840","19,404"
2019-01-26,Saturday,7:45,62.8,10413,24.8,4109,7.1,1171,5.3,884,,,,,87.6,"14,522","16,583"
2019-01-26,Saturday,13:45,59.6,10411,25.0,4372,9.8,1707,4.1,717,,,1.4,248,84.6,"14,783","17,455"
2019-01-26,Saturday,20:45,55.3,10417,29.0,5462,11.9,2250,3.8,715,,,,,84.3,"15,879","18,844"
2019-01-27,Sunday,8:45,58.7,10334,23.8,4195,1.6,290,15.8,2777,,,,,82.5,"14,529","17,596"
2019-01-27,Sunday,20:45,51.9,10415,28.6,5743,10.9,2187,8.6,1727,,,,,80.5,"16,158","20,072"
2019-01-28,Monday,12:45,50.1,10410,23.9,4968,9.3,1925,15.8,3277,0.7,155,,,74.0,"15,378","20,735"
2019-01-28,Monday,20:45,46.8,10413,26.7,5049,11.7,2611,14.6,3255,,,,,73.5,"16,362","22,228"
2019-01-29,Tuesday,7:45,53.4,10421,22.4,4377,6.5,1268,17.5,3422,,,,,75.8,"14,798","19,458"
2019-01-29,Tuesday,12:45,52.6,10422,23.5,4661,9.4,1867,14.0,2766,0.4,71,,,76.1,"15,083","19,787"
2019-01-29,Tuesday,20:45,48.1,10421,25.0,5424,9.3,2005,17.5,3782,,,,,73.1,"15,845","21,632"
2019-01-30,Wednesday,6:45,57.2,10418,23.6,4307,5.7,1046,13.3,2415,,,0.2,36,80.8,"14,725","18,222"
2019-01-30,Wednesday,12:45,50.5,10421,21.7,4471,8.9,1840,18.0,3704,0.5,105,0.4,92,72.2,"14,892","20,633"
2019-01-30,Wednesday,20:45,45.0,10142,26.8,6040,10.5,2362,16.7,3759,,,1.0,230,71.8,"16,182","22,533"
2019-01-31,Thursday,7:45,50.6,10094,25.1,5008,8.8,1762,15.4,3064,,,,,75.7,"15,102","19,928"
2019-01-31,Thursday,10:45,47.5,10102,24.3,5164,12.5,2669,15.1,3205,0.5,111,,,71.8,"15,266","21,251"
2019-01-31,Thursday,20:45,45.3,10198,27.5,6186,14.4,3236,12.5,2813,,,0.4,87,72.8,"16,384","22,580"
2019-02-01,Friday,6:45,54.8,10153,27.1,5031,15.2,2825,2.7,512,,,,,81.9,"15,562","18,899"
2019-02-01,Friday,13:45,53.2,10188,24.6,4712,19.3,3705,1.1,208,1.6,311,,,77.8,"14,900","19,124"
2019-02-01,Friday,20:45,47.5,10145,28.0,5968,20.3,4339,4.0,862,,,,,75.5,"16,113","21,314"
2019-02-02, Saturday,8:45,54.7,10160,23.1,4285,5.5,1030,16.7,3107,,,,,77.8,"14,445","18,582"
2019-02-02, Saturday,13:45,51.8,10144,24.6,4822,6.2,1216,16.7,3268,0.6,115,,,76.4,"14,966","19,565"
2019-02-02, Saturday,20:45,54.3,10268,28.9,5464,6.1,1146,10.7,2025,,,,,83.2,"15,732","18,903"
2019-02-03,Sunday,8:45,58.7,10264,22.2,3888,1.9,331,17.2,3009,,,,,80.9,"14,152","17,492"
2019-02-03,Sunday,12:45,54.7,10261,21.8,4094,4.6,871,18.2,3408,0.6,118,,,76.5,"14,355","18,752"
2019-02-03,Sunday,21:45,55.0,10249,25.4,4735,3.9,721,15.8,2943,,,,,80.4,"14,984","18,648"
2019-02-04,Monday,6:45,61.0,10240,23.7,3974,2.7,459,12.5,2095,,,,,84.7,"14,214","16,768"
2019-02-04,Monday,12:45,54.9,10216,24.2,4501,4.5,835,15.5,2874,0.8,140,0.1,27,79.1,"14,717","18,593"
2019-02-04,Monday,10:48,51.3,9913,24.1,4662,3.9,756,20.6,3974,,,,,75.4,"14,575","19,305"
2019-02-05,Tuesday,6:45,61.9,10221,21.2,3504,5.1,836,11.8,1950,,,,,83.1,"13,725","16,511"
2019-02-05,Tuesday,12:45,57.7,10209,24.8,4381,7.9,1407,8.9,1572,0.6,103,0.2,27,82.5,"14,590","17,699"
2019-02-05,Tuesday,20:45,53.2,10209,29.4,5644,15.1,2904,2.1,401,,,0.1,27,82.6,"15,853","19,185"
2019-02-06,Wednesday,6:45,61.7,10184,25.6,4218,5.6,922,7.0,1152,,,0.1,24,87.3,"14,402","16,500"
2019-02-06,Wednesday,12:45,54.2,10094,27.3,5087,14.7,2745,2.8,518,0.2,29,0.8,148,81.5,"15,181","18,621"
2019-02-07,Thursday,7:45,59.6,9818,28.3,4667,11.2,1847,0.7,117,,,,,87.9,"14,485","16,349"
2019-02-07,Thursday,15:45,53.3,9514,25.3,4518,10.8,1927,10.3,1838,,,0.2,30,78.6,"14,032","17,827"
2019-02-07,Thursday,21:45,51.5,9817,25.2,4803,5.1,976,18.0,3425,,,0.1,27,76.7,"14,620","19,048"
2019-02-08,Friday,6:45,58.0,9776,23.7,3987,2.3,394,15.9,2686,,,,,81.7,"13,763","16,843"
2019-02-08,Friday,12:45,50.5,9775,24.6,4765,5.1,791,20.0,3875,0.7,135,0.1,27,75.1,"14,540","19,368"
2019-02-08,Friday,20:45,45.7,9302,25.8,5249,8.7,1770,19.8,4027,,,,,71.5,"14,551","20,348"
2019-02-09,Saturday,7:45,52.8,9004,22.8,3878,8.8,1497,15.6,2663,,,,,75.6,"12,882","17,042"
2019-02-09,Saturday,14:45,52.6,9033,27.7,4760,15.9,2726,2.6,442,1.3,227,,,80.3,"13,793","17,188"
2019-02-09,Saturday,20:45,47.4,8992,29.2,5545,19.9,3783,3.2,608,,,0.3,56,76.6,"14,537","18,984"
2019-02-10,Sunday,8:45,56.2,9043,28.5,4590,13.4,2161,1.9,303,,,,,84.7,"13,633","16,097"
2019-02-10,Sunday,12:45,55.3,9047,28.8,4710,13.3,2184,1.3,209,1.3,209,0.4,58,84.1,"13,757","16,308"
2019-02-10,Sunday,20:45,48.7,9046,30.1,5590,16.2,3006,4.7,882,,,0.3,58,78.8,"14,636","18,582"
2019-02-11,Monday,6:45,57.5,9063,24.6,3876,12.2,1919,5.6,878,,,0.2,35,82.1,"12,939","15,771"
2019-02-11,Monday,13:45,49.1,9053,27.2,5008,12.7,2344,9.5,1748,1.0,191,0.5,83,76.3,"14,061","18,427"
2019-02-11,Monday,20:45,44.6,9086,26.1,5312,14.6,2974,14.4,2926,,,0.4,84,70.7,"14,398","20,382"
2019-02-12,Tuesday,7:45,48.6,9071,25.2,4699,10.5,1968,15.6,2911,,,,,73.8,"13,770","18,649"
2019-02-12,Tuesday,12:45,44.2,9076,24.3,4980,18.5,3793,12.5,2557,0.3,67,0.2,44,68.5,"14,056","20,512"
2019-02-12,Tuesday,20:45,43.6,9055,25.1,5207,17.9,3723,13.3,2761,,,,,68.7,"14,262","20,750"
2019-02-13,Wednesday,8:45,48.5,9078,23.2,4336,7.9,1483,20.2,3781,,,0.1,27,71.7,"13,414","18,705"
2019-02-13,Wednesday,12:45,46.7,9080,23.8,4630,9.1,1768,19.9,3869,0.3,55,0.1,27,70.5,"13,710","19,429"
2019-02-13,Wednesday,20:45,45.4,9087,25.8,5161,9.7,1932,18.9,3789,,,,,71.2,"14,248","19,969"
2019-02-14,Thursday,6:45,55.7,9087,27.9,4560,10.2,1672,6.1,991,,,,,83.6,"13,647","16,310"
2019-02-14,Thursday,15:45,49.3,9091,26.4,4277,13.3,2463,10.3,1896,0.5,96,0.1,27,75.7,"13,968","18,450"
2019-02-14,Thursday,20:45,47.8,9099,25.7,4889,10.7,2045,15.6,2960,,,0.1,27,73.5,"13,988","19,020"
2019-02-15,Friday,6:45,55.7,9092,21.3,3482,2.6,420,20.3,3311,,,,,77.0,"12,574","16,305"
2019-02-15,Friday,12:45,48.6,9085,25.7,4801,5.7,957,20.1,3767,0.4,73,0.2,27,74.3,"13,886","16,796"
2019-02-15,Friday,20:45,46.5,9086,26.8,5225,9.3,1820,17.2,3367,,,,,73.3,"14,311","19,498"
2019-02-16,Saturday,8:45,55.8,9088,31.3,5097,6.3,1022,6.6,1074,,,,,87.1,"14,185","16,281"
2019-02-16,Saturday,12:45,55.4,9081,30.4,4989,10.5,1724,2.6,426,1.0,160,,,85.8,"14,070","16,380"
2019-02-16,Saturday,20:45,52.0,9081,32.8,5734,12.0,2102,3.1,544,,,,,84.8,"14,815","17,461"
2019-02-17,Sunday,8:45,58.4,9082,31.2,4862,3.9,599,6.4,1003,,,,,89.6,"13,944","15,546"
2019-02-17,Sunday, 14:45,52.1,9073,29.2,5087,8.4,1460,9.4,1628,0.9,160,,,81.3,"14,160","17,408"
2019-02-17,Sunday,20:45,51.0,9061,28.2,5015,9.1,1619,11.7,2082,,,,,79.2,"14,076","17,777"
2019-02-18,Monday,8:45,53.9,9055,29.3,4926,11.2,1874,5.6,947,,,,,83.2,"13,981","16,802"
2019-02-18,Monday,12:45,54.4,9052,26.6,4425,11.9,1975,5.6,928,1.3,214,0.3,52,81.0,"13,477","16,646"
2019-02-18,Monday,20:45,46.2,9058,29.3,5745,18.3,3595,5.9,1153,,,0.3,53,75.5,"14,803","19,604"
2019-02-19,Tuesday,6:45,54.8,9053,28.9,4781,14.2,2343,1.8,301,,,0.2,38,83.7,"13,834","16,516"
2019-02-19,Tuesday,12:45,49.7,9052,29.8,5422,16.5,3003,1.9,345,1.7,314,0.4,77,79.5,"14,474","18,213"
2019-02-19,Tuesday,20:45,46.0,9080,29.0,5722,22.5,4448,2.0,396,,,0.4,86,75.0,"14,802","19,732"
2019-02-20,Wednesday,6:45,53.9,9089,24.3,4098,11.9,2005,9.8,1648,,,0.2,36,78.2,"13,187","16,876"
2019-02-20,Wednesday,12:45,47.9,9087,27.6,5228,10.5,1995,12.7,2410,0.8,160,0.4,82,75.5,"14,315","18,962"
2019-02-20,Wednesday,20:45,47.5,9084,29.8,5698,8.8,1690,13.4,2598,,,0.4,82,77.3,"14,782","19,122"
2019-02-21,Thursday,6:45,54.3,9086,21.2,3554,6.0,999,18.4,3077,,,,,75.5,"12,640","16,716"
2019-02-21,Thursday,20:45,48.2,9091,29.5,5567,12.9,2435,8.8,1669,,,0.5,103,77.7,"14,658","18,865"
2019-02-22,Friday,7:45,54.4,9092,28.0,4675,15.4,2572,2.1,347,,,,,82.4,"13,767","16,686"
2019-02-22,Friday,13:45,55.3,9092,28.2,4637,14.6,2405,0.3,55,1.1,177,0.5,80,83.5,"13,729","16,446"
2019-02-22,Friday,20:45,51.0,9096,31.0,5527,16.8,2989,0.5,89,,,0.7,127,82.0,"14,623","17,828"
2019-02-23,Saturday,8:45,54.6,9090,27.3,4540,5.4,893,12.6,2095,,,,,81.9,"13,630","16,618"
2019-02-23,Saturday,12:45,54.5,9085,25.8,4294,4.4,736,13.7,2288,1.2,206,0.3,55,80.3,"13,379","16,664"
2019-02-23,Saturday,20:45,52.5,9054,25.2,4361,4.4,766,17.5,3034,,,0.3,55,77.7,"13,445","17,300"
2019-02-24,Sunday,8:45,54.1,9086,24.1,4052,3.2,545,18.5,3100,,,,,78.2,"13,138","16,783"
2019-02-24,Sunday,21:45,48.1,9066,28.1,5299,7.7,1453,16.0,3023,,,,,76.2,"14,365","18,841"
2019-02-25,Monday,6:45,53.8,9080,23.3,3931,9.8,1650,13.1,2216,,,,,77.1,"13,011","16,877"
2019-02-25,Monday,12:45,48.4,9079,21.9,4100,12.2,2290,16.3,3063,1.1,199,0.1,27,70.3,"13,179","18,758"
2019-02-25,Monday,20:45,46.1,9080,28.9,5699,12.1,2388,12.8,2522,,,,,75.0,"14,779","19,689"
2019-02-26,Tuesday,6:45,53.6,9078,24.8,4210,16.2,2745,5.3,897,,,,,78.4,"13,288","16,933"
2019-02-26,Tuesday,12:45,50.2,9084,23.0,4162,20.4,3693,5.0,904,1.2,218,0.1,27,73.2,"13,246","18,088"
2019-02-26,Tuesday,20:45,45.6,9088,28.1,5599,24.8,4946,1.4,280,,,,,73.7,"14,687","19,913"
2019-02-27,Wednesday,6:45,51.8,9084,23.5,4124,17.6,3095,7.0,1231,,,,,75.3,"13,208","17,534"
2019-02-27,Wednesday,12:45,47.2,9089,23.9,4610,22.8,4381,5.6,1074,0.4,71,0.1,27,71.1,"13,699","19,252"
2019-02-27,Wednesday,20:45,45.2,9079,28.8,5797,23.4,4693,2.5,498,,,,,74.0,"14,876","20,067"
2019-02-28,Thursday,7:45,48.1,9088,27.2,5142,24.0,4538,0.6,105,,,,,75.3,"14,230","18,873"
2019-02-28,Thursday,20:45,45.5,9091,29.5,5896,22.9,4584,1.9,381,,,0.1,28,75.0,"14,987","19,980"
2019-03-01,Friday,7:45,49.6,9097,28.3,5201,19.5,3581,2.1,386,,,0.5,85,77.9,"14,298","18,350"
2019-03-01,Friday,12:45,52.5,9096,25.6,4446,19.2,3327,0.2,34,1.8,314,0.7,124,78.1,"13,542","17,341"
2019-03-01,Friday,20:45,48.4,9096,29.4,5520,20.7,3891,1.1,211,,,0.5,85,77.8,"14,616","18,803"
2019-03-02,Saturday,7:45,61.0,9091,31.2,4642,6.2,928,1.1,160,,,0.5,73,92.2,"13,733","14,894"
2019-03-02,Saturday,13:45,55.7,9088,28.7,4689,13.1,2147,1.1,182,1.0,162,0.4,59,84.4,"13,777","16,327"
2019-03-02,Saturday,20:45,54.0,9092,30.0,5048,7.9,1322,7.8,1319,,,0.3,52,84.0,"14,140","16,833"
2019-03-03,Sunday,7:45,59.2,9030,29.6,4511,9.5,1448,1.7,264,,,,,88.8,"13,541","15,253"
2019-03-03,Sunday,12:45,59.2,9080,28.9,4434,9.1,1399,1.6,242,1.1,176,,,88.1,"13,514","15,331"
2019-03-03,Sunday,21:45,53.3,9042,33.5,5681,8.5,1450,4.4,742,,,0.3,59,86.8,"14,723","16,974"
2019-03-04,Monday,6:45,53.3,8565,27.0,4343,13.8,2221,5.6,900,,,,,80.3,"12,908","16,029"
2019-03-04,Monday,12:45,49.2,8561,27.2,4742,14.9,2598,6.8,1179,1.5,256,0.5,79,76.4,"13,303","17,415"
2019-03-04,Monday,20:45,44.8,8565,28.0,5358,12.0,2300,14.7,2815,,,0.4,83,72.8,"13,923","19,121"
2019-03-05,Tuesday,6:45,52.0,8561,21.8,3586,10.1,1656,16.1,2644,,,,,73.8,"12,147","16,447"
2019-03-05,Tuesday,12:45,47.3,8559,24.6,4459,8.5,1532,18.0,3251,1.3,237,0.4,64,71.9,"13,018","18,102"
2019-03-05,Tuesday,20:45,42.8,8564,28.8,5773,16.5,3308,11.0,2211,,,0.8,168,71.6,"14,337","20,024"
2019-03-06,Wednesday,7:45,44.6,8564,27.4,5249,17.0,3270,10.7,2047,,,0.3,52,72.0,"13,813","19,182"
2019-03-06,Wednesday,12:45,48.2,8568,25.1,4458,12.7,2249,11.8,2098,1.7,301,0.5,90,73.3,"13,026","17,764"
2019-03-06,Wednesday,20:45,42.4,8565,29.4,5929,21.2,4270,6.4,1291,,,0.6,122,71.8,"14,494","20,177"
2019-03-07,Thursday,7:45,45.5,8562,28.7,5394,18.7,3514,6.9,1297,,,0.2,30,74.2,"13,956","18,797"
2019-03-07,Thursday,19:45,43.3,8539,30.1,5927,23.2,4577,2.7,541,,,0.6,118,73.4,"14,466","19,702"
2019-03-08,Friday,6:45,50.8,8548,26.9,4527,16.5,2777,5.7,953,,,0.2,26,77.7,"13,075","16,831"
2019-03-08,Friday,12:45,49.2,8554,26.4,4602,19.8,3452,2.5,435,1.9,323,0.2,37,75.6,"13,156","17,403"
2019-03-08,Friday,20:45,46.1,8565,28.2,5246,23.8,4416,1.4,260,,,0.6,104,73.3,"13,811","18,591"
2019-03-09,Saturday,7:45,52.7,8564,29.0,4714,15.2,2491,2.9,467,,,,,81.7,"13,278","16,216"
2019-03-09,Saturday,13:45,51.5,8558,22.1,3676,11.7,1946,12.1,2012,2.2,369,0.3,51,73.6,"12,234","16,612"
2019-03-09,Saturday,20:45,45.8,8542,24.0,4477,8.2,1582,21.9,4087,,,,,69.8,"13,019","18,634"
2019-03-10,Sunday,8:45,52.0,8547,23.3,3824,2.0,327,22.7,3720,,,,,75.3,"12,371","16,418"
2019-03-10,Sunday,14:45,49.3,8546,23.9,4153,4.4,755,22.0,3813,0.5,83,,,73.2,"12,699","17,350"
2019-03-10,Sunday,20:45,48.6,8539,26.1,4579,3.2,566,22.1,3875,,,,,74.7,"13,118","17,559"
2019-03-11,Monday,6:45,53.3,8527,20.2,3222,5.7,915,20.7,3312,,,,,73.5,"11,749","15,976"
2019-03-11,Monday,12:45,47.2,8515,23.3,4204,10.3,1853,18.2,3280,0.8,146,,,70.5,"12,719","17,998"
2019-03-11,Monday,20:45,47.6,8505,29.0,5179,10.0,1784,13.2,2366,,,0.2,27,76.6,"13,684","17,861"
2019-03-12,Tuesday,6:45,55.8,8763,21.5,3375,17.2,2694,5.5,856,,,,,77.3,"12,138","15,688"
2019-03-12,Tuesday,12:45,51.2,8758,24.7,4222,19.7,3376,2.3,400,1.9,326,0.2,27,75.9,"12,980","17,109"
2019-03-12,Tuesday,20:45,50.7,8929,26.6,4690,14.3,2515,8.3,1454,,,0.2,28,77.3,"13,619","17,616"
2019-03-13,Wednesday,6:45,58.5,8982,23.1,3547,9.0,1384,9.3,1434,,,,,81.6,"12,589","15,347"
2019-03-13,Wednesday,12:45,51.3,8994,22.8,4000,13.0,2275,12.3,2148,0.4,78,0.2,27,74.1,"12,994","17,522"
2019-03-13,Wednesday,20:45,51.2,9004,28.3,4973,13.1,2295,7.3,1280,,,0.2,27,79.5,"13,977","17,579"
2019-03-14,Thursday,6:45,57.3,8987,19.8,3110,4.3,667,18.5,2895,,,,,77.1,"12,097","15,659"
2019-03-14,Thursday,14:45,49.5,8920,22.3,4021,6.5,1176,20.9,3768,0.5,92,0.1,27,71.8,"12,941","18,004"
2019-03-14,Thursday,20:45,49.4,8979,27.1,4918,4.9,897,18.4,3343,,,0.1,27,76.5,"13,897","18,164"
2019-03-15,Friday,6:45,56.9,8996,17.6,2787,1.6,254,23.8,3766,,,,,74.5,"11,783","15,803"
2019-03-15,Friday,12:45,49.8,8995,25.0,4509,2.9,517,21.8,3943,0.4,73,0.1,27,74.8,"13,504","18,064"
2019-03-15,Friday,20:45,49.2,9002,27.5,5040,4.7,859,18.5,3384,,,0.1,27,76.7,"14,047","18,317"
2019-03-16,Saturday,9:45,56.3,9015,26.5,4243,1.6,263,15.5,2475,,,,,82.8,"13,258","15,996"
2019-03-16,Saturday,13:45,55.3,9018,21.9,3564,2.6,430,18.6,3038,1.6,259,,,77.2,"12,582","16,309"
2019-03-16,Saturday,21:45,51.6,9033,29.5,5159,7.4,1287,11.6,2028,,,,,81.1,"14,192","17,507"
2019-03-17,Sunday,8:45,61.4,9054,27.8,4101,9.3,1377,1.2,170,,,0.2,31,89.2,"13,155","14,733"
2019-03-17,Sunday,15:45,59.6,9052,22.6,3440,8.4,1277,7.1,1079,2.1,322,,,82.2,"12,492","15,170"
2019-03-17,Sunday,20:45,54.7,9043,31.9,5276,10.0,1658,3.2,535,,,,,86.6,"14,319","16,512"
2019-03-18,Monday,12:45,52.1,9009,23.6,4087,19.8,3433,2.1,369,1.7,298,0.6,101,75.7,"13,096","17,297"
2019-03-18,Monday,21:00,49.2,9008,26.3,4812,21.6,3934,2.5,455,,,0.6,106,75.5,"13,820","18,315"
2019-03-19,Tuesday,7:00,58.6,9008,22.9,3520,16.5,2541,1.9,299,,,,,81.5,"12,528","15,368"
2019-03-19,Tuesday,12:45,55.0,9012,24.9,4175,17.0,2791,0.8,132,2.1,338,0.2,27,79.9,"13,087","16,375"
2019-03-19,Tuesday,20:45,52.3,9019,27.4,4716,14.8,2559,5.3,915,,,0.2,26,79.7,"13,735","17,235"
2019-03-20,Wednesday,6:45,58.9,9067,22.6,3488,5.9,910,12.3,1897,,,0.2,31,81.5,"12,555","15,393"
2019-03-20,Wednesday,12:45,54.6,9065,23.4,3885,8.4,1388,11.4,1895,1.9,314,0.3,42,78.0,"12,950","16,594"
2019-03-20,Wednesday,19:45,54.1,9073,26.6,4458,13.1,2193,5.9,992,,,0.2,31,80.7,"13,531","16,747"
2019-03-21,Thursday,7:45,57.8,9067,24.0,3759,13.0,2044,4.8,753,,,0.4,67,81.8,"12,826","15,690"
2019-03-21,Thursday,10:45,52.7,9070,25.0,4303,18.8,3232,2.7,469,0.2,41,0.5,92,77.7,"13,373","17,207"
2019-03-21,Thursday,20:45,53.5,9070,26.6,4508,14.0,2371,5.3,898,,,0.6,102,80.1,"13,578","16,949"
2019-03-22,Friday,7:45,57.8,9074,23.5,3894,8.6,1355,9.7,1524,,,0.3,46,81.3,"12,768","15,693"
2019-03-22,Friday,13:45,53.5,9062,21.5,3651,7.5,1264,16.2,2739,0.9,152,0.5,81,75.0,"12,713","16,949"
2019-03-22,Friday,20:45,51.4,9065,24.0,4232,3.6,631,20.7,3644,,,0.3,61,75.4,"13,297","17,633"
2019-03-23,Saturday,8:45,56.8,9061,25.7,4094,3.8,605,13.7,2188,,,,,82.5,"13,155","15,948"
2019-03-23,Saturday,13:45,58.1,9077,26.5,4143,6.4,996,6.6,1024,2.4,376,,,84.6,"13,220","15,616"
2019-03-23,Saturday,19:45,57.2,9072,27.7,4393,6.4,1011,8.2,1300,0.5,80,,,84.9,"13,465","15,856"
2019-03-24,Sunday,8:45,57.6,9073,28.1,4425,1.7,263,12.5,1968,,,,,85.7,"13,498","15,729"
2019-03-24,Sunday,12:45,57.7,9064,29.0,4555,2.9,444,9.2,1441,1.3,202,,,86.7,"13,619","15,706"
2019-03-24,Sunday,20:45,56.0,9119,30.1,4904,6.1,989,7.4,1206,,,0.4,63,86.1,"14,023","16,281"
2019-03-25,Monday,6:45,54.8,8336,23.8,3614,8.7,1325,12.5,1892,,,0.3,39,78.6,"11,950","15,211"
2019-03-25,Monday,12:45,51.1,8341,25.6,4178,15.7,2561,5.4,888,1.7,276,0.5,78,76.7,"12,519","16,322"
2019-03-25,Monday,19:45,46.4,8351,24.9,4480,14.2,2554,13.7,2458,0.4,64,0.4,80,71.3,"12,831","17,987"
2019-03-26,Tuesday,6:45,52.1,8345,24.3,3886,17.6,2796,5.9,941,,,0.2,36,76.4,"12,231","16,004"
2019-03-26,Tuesday,12:45,52.6,8357,26.1,4136,17.4,2761,1.1,167,2.4,374,0.5,79,78.7,"12,493","15,874"
2019-03-26,Tuesday,20:45,47.9,8349,27.4,4782,22.7,3949,1.8,306,,,0.2,29,75.3,"13,131","17,415"
2019-03-27,Wednesday,5:45,55.0,8352,26.0,3946,14.1,2145,4.5,687,,,0.4,54,81.0,"12,298","15,184"
2019-03-27,Wednesday,12:45,52.0,8360,24.0,3865,15.5,2496,5.4,864,2.2,346,1.0,156,76.0,"12,225","16,087"
2019-03-27,Wednesday,20:45,49.7,8350,26.0,4365,14.3,2402,9.0,1516,,,0.9,153,75.7,"12,715","16,786"
2019-03-28,Thursday,7:45,50.1,8343,21.9,3649,6.4,1059,21.4,3561,,,0.3,50,72.0,"11,992","16,662"
2019-03-28,Thursday,15:45,51.5,8335,22.0,3554,8.6,1393,16.8,2721,0.9,148,0.2,26,73.5,"11,889","16,177"
2019-03-28,Thursday,20:45,49.2,8342,25.3,4292,13.2,2242,11.8,1993,,,0.5,77,74.5,"12,634","16,946"
2019-03-29,Friday,7:45,53.6,8351,25.8,4023,16.8,2619,3.4,540,,,0.3,48,79.4,"12,374","15,881"
2019-03-29,Friday,12:45,54.7,8357,26.2,3998,14.9,2272,1.9,288,1.9,284,0.5,80,80.9,"12,355","15,279"
2019-03-29,Friday,20:45,52.0,8335,28.7,4604,16.0,2563,2.8,445,,,0.5,85,80.7,"12,939","16,032"
2019-03-30,Saturday,8:45,57.1,8339,25.4,3708,3.7,535,13.8,2010,,,,,82.5,"12,047","14,592"
2019-03-30,Saturday,13:45,53.9,8336,26.4,4090,10.4,1615,8.9,1378,0.4,55,,,80.3,"12,426","15,474"
2019-03-30,Saturday,20:45,52.2,8340,26.2,4187,6.7,1062,14.6,2324,,,0.3,55,78.4,"12,527","15,960"
2019-03-31,Sunday,7:45,54.4,8352,25.5,3914,1.7,258,18.5,2842,,,,,79.9,"12,266","15,366"
2019-03-31,Sunday,13:45,55.0,8334,24.5,3708,2.2,333,17.7,2685,0.6,93,,,79.5,"12,042","15,153"
2019-03-31,Sunday,20:45,50.0,8338,30.9,5149,6.1,1014,13.1,2179,,,,,80.9,"13,487","16,680"
2019-04-01,Monday,6:45,53.9,8343,24.0,3709,13.0,2008,9.1,1410,,,,,77.9,"12,052","15,470"
2019-04-01,Monday,12:45,52.2,8339,28.1,4488,14.6,2329,2.6,421,2.2,359,0.2,27,80.3,"12,827","15,963"
2019-04-01,Monday,20:45,49.1,8343,30.8,5240,9.9,1682,9.9,1689,,,0.2,27,79.9,"13,583","16,981"
2019-04-02,Tuesday,7:45,54.0,8345,23.4,3613,6.7,1033,15.8,2449,,,0.1,23,77.4,"11,958","15,463"
2019-04-02,Tuesday,12:45,49.3,8178,24.9,4129,7.5,1250,16.7,2779,1.4,236,0.2,27,74.2,"12,307","16,599"
2019-04-02,Tuesday,20:45,49.6,8340,27.4,4602,5.3,884,17.6,2955,,,0.2,26,77.0,"12,942","16,807"
2019-04-03,Wednesday,6:45,54.4,8349,19.3,2955,1.6,249,24.6,3779,,,,,73.7,"11,304","15,332"
2019-04-03,Wednesday,12:45,50.5,8343,23.5,3889,2.0,336,22.2,3669,1.5,253,0.2,27,74.0,"12,232","16,517"
2019-04-03,Wednesday,20:45,50.4,8338,30.5,5054,7.2,1199,11.7,1929,,,0.2,27,80.9,"13,392","16,547"
2019-04-04,Thursday,6:45,60.0,8347,25.4,3538,6.7,930,7.7,1074,,,,,85.4,"11,885","13,889"
2019-04-04,Thursday,16:45,59.1,8348,26.8,3787,8.4,1190,3.2,454,1.9,272,0.5,77,85.9,"12,135","14,128"
2019-04-04,Thursday,20:45,52.1,8328,32.5,5190,10.3,1651,4.1,660,,,0.9,148,84.6,"13,518","15,977"
2019-04-05,Friday,8:45,48.8,8350,26.5,4537,12.1,2071,11.9,2034,,,0.5,90,75.3,"12,887","16,992"
2019-04-05,Friday,12:45,50.8,8341,24.2,3965,16.6,2728,6.8,1115,0.7,113,0.9,144,75.0,"12,306","16,406"
2019-04-05,Friday,20:45,51.0,8355,28.5,4669,17.8,2914,1.8,292,,,0.9,155,79.5,"13,024","16,385"
2019-04-06,Saturday,9:45,58.8,8402,34.2,4884,6.5,926,0.3,47,0.2,34,,,93.0,"13,286","14,293"
2019-04-06,Saturday,13:45,64.1,8772,30.0,4109,3.9,401,0.7,90,2.3,316,,,94.1,"12,881","13,688"
2019-04-06,Saturday,20:45,62.9,8913,29.6,4197,4.0,569,2.7,378,0.5,70,0.4,53,92.5,"13,110","14,180"
2019-04-07,Sunday,8:45,62.8,9085,26.0,3765,1.5,212,9.6,1395,,,,,88.8,"12,850","14,455"
2019-04-07,Sunday,13:45,63.9,8977,26.6,3732,1.6,223,6.2,864,1.8,252,,,90.5,"12,709","14,048"
2019-04-07,Sunday,20:45,55.1,9113,27.9,4614,1.5,254,15.4,2548,,,,,83.0,"13,727","16,529"
2019-04-08,Monday,6:45,57.3,8309,21.1,3056,1.3,194,20.2,2936,,,,,78.4,"11,365","14,495"
2019-04-08,Monday,12:45,52.3,8303,29.5,4682,3.1,500,14.2,2249,0.8,121,0.2,27,81.8,"12,985","15,882"
2019-04-08,Monday,20:45,50.9,8315,29.5,4811,16.6,2705,2.1,347,,,0.9,144,80.4,"13,126","16,322"
2019-04-09,Tuesday,6:45,57.0,8065,25.6,3632,2.2,311,15.1,2134,,,,,82.6,"11,697","14,142"
2019-04-09,Tuesday,12:45,48.2,8063,28.9,4833,4.1,678,17.4,2919,1.2,208,0.2,28,77.1,"12,896","16,729"
2019-04-09,Tuesday,21:45,48.5,8058,30.0,4978,13.0,2154,7.8,1302,,,0.7,112,78.5,"13,036","16,604"
2019-04-10,Wednesday,6:45,55.8,8095,27.3,3959,8.2,1329,7.7,1121,,,,,83.1,"12,054","14,504"
2019-04-10,Wednesday,12:45,51.5,8122,28.9,4564,10.5,1655,7.5,1187,1.4,225,0.2,28,80.4,"12,686","15,781"
2019-04-10,Wednesday,19:45,50.8,8112,29.7,4749,12.0,1916,6.3,1008,0.5,82,0.7,112,80.5,"12,861","15,979"
2019-04-11,Thursday,6:45,54.3,8111,22.2,3322,8.0,1194,15.1,2254,,,0.3,50,76.5,"11,433","14,931"
2019-04-11,Thursday,15:45,52.5,8734,23.0,3823,2.7,446,19.7,3269,1.7,283,0.4,69,75.5,"12,557","16,624"
2019-04-11,Thursday,20:45,50.3,8820,26.8,4699,1.5,261,20.9,3659,,,0.4,72,77.1,"13,519","17,511"
2019-04-12,Friday,6:45,58.5,9375,20.6,3299,1.6,254,19.0,3044,,,0.3,54,79.1,"12,674","16,026"
2019-04-12,Friday,12:45,57.1,9781,27.2,4665,1.6,277,12.6,2158,1.0,178,0.4,64,84.3,"14,446","17,123"
2019-04-12,Friday,20:45,57.7,9941,22.6,3891,1.5,250,17.7,3055,,,0.4,64,80.3,"13,832","17,201"
2019-04-13,Saturday,7:45,64.3,9207,27.2,3892,1.0,138,7.3,1047,,,0.3,37,91.5,"13,099","14,321"
2019-04-13,Saturday,12:45,62.5,9234,26.4,3894,0.9,139,7.5,1106,2.4,356,0.2,35,88.9,"13,128","14,764"
2019-04-13,Saturday,20:45,60.9,9561,31.1,4891,0.9,149,6.6,1033,0.2,36,0.2,37,92.0,"14,452","15,707"
2019-04-14,Sunday,8:45,63.8,9594,24.1,3617,0.9,141,10.8,1623,,,0.3,38,87.9,"13,211","15,013"
2019-04-14,Sunday,13:45,56.4,9564,24.5,4151,0.8,142,17.5,2974,0.6,103,0.2,37,80.9,"13,715","16,971"
2019-04-14,Sunday,21:45,57.5,9579,26.5,4413,0.8,137,15.0,2499,,,0.2,38,84.0,"13,992","16,666"
2019-04-15,Monday,6:45,62.1,9540,22.0,3378,0.9,139,14.7,2259,,,0.3,52,84.1,"12,918","15,368"
2019-04-15,Monday,13:45,58.2,9553,25.2,4143,1.6,256,14.7,2270,1.0,160,0.2,34,83.4,"13,696","16,416"
2019-04-15,Monday,20:45,57.5,9553,30.5,5072,3.3,549,8.1,1350,,,0.5,80,88.0,"14,625","16,604"
2019-04-16,Tuesday,13:45,59.1,9590,30.4,4928,6.0,970,3.1,511,1.3,208,0.2,27,89.5,"14,518","16,234"
2019-04-16,Tuesday,20:45,62.9,9717,25.5,3936,5.4,831,4.4,686,1.2,192,0.6,95,88.4,"13,653","15,457"
2019-04-17,Wednesday,5:45,65.0,9813,27.4,4128,2.8,422,4.6,700,,,,,92.4,"13,941","15,063"
2019-04-17,Wednesday,14:45,62.4,9997,25.0,4011,2.6,416,7.5,1199,2.3,368,0.2,27,87.4,"14,008","16,018"
2019-04-17,Wednesday,20:45,58.7,10016,23.4,3992,2.4,416,15.3,2615,,,0.2,27,82.1,"14,010","17,068"
2019-04-18,Thursday,6:45,63.4,10016,22.3,3523,2.6,417,11.6,1826,,,,,85.7,"13,539","15,782"
2019-04-18,Thursday,20:45,58.9,10034,24.7,4206,2.6,447,13.6,2314,,,0.2,27,83.6,"14,240","17,028"
2019-04-19,Friday,8:45,69.3,10039,25.4,3681,1.0,141,4.2,613,,,,,94.7,"13,720","14,474"
2019-04-19,Friday,14:45,62.7,10036,23.3,3726,0.9,137,12.6,2004,0.6,96,,,86.0,"13,762","15,999"
2019-04-19,Friday,21:45,61.0,10030,22.7,3729,0.8,138,15.5,2541,,,,,83.7,"13,759","16,438"
2019-04-20,Saturday,7:45,64.5,9138,27.5,3895,1.0,138,7.0,987,,,,,92.0,"13,033","14,158"
2019-04-20,Saturday,12:45,60.8,10029,25.1,4135,0.8,138,12.6,2078,0.7,116,,,85.9,"14,164","16,496"
2019-04-20,Saturday,21:45,63.0,10018,34.6,5510,1.0,158,1.4,219,,,,,97.6,"15,528","15,905"
2019-04-21,Sunday,8:45,68.8,10026,29.4,4284,0.9,136,0.7,105,0.1,21,,,98.2,"14,310","14,572"
2019-04-21,Sunday,14:45,64.6,10027,31.1,4819,1.5,240,1.0,160,1.6,248,,,95.7,"14,846","15,494"
2019-04-21,Sunday,21:45,62.8,10026,33.0,5261,2.2,357,1.8,281,,,0.2,35,95.8,"15,287","15,960"
2019-04-22,Monday,7:45,64.2,9246,30.6,4406,1.0,147,3.8,549,,,0.4,56,94.8,"13,652","14,404"
2019-04-22,Monday,15:45,62.6,9248,27.2,4023,2.8,420,4.3,639,2.6,390,0.4,61,89.8,"13,271","14,781"
2019-04-22,Monday,20:45,58.7,9240,30.4,4778,3.2,504,7.2,1130,,,0.4,63,89.1,"14,018","15,715"
2019-04-23,Tuesday,6:45,61.7,9249,24.1,3610,1.7,250,12.5,1878,,,,,85.8,"12,859","14,987"
2019-04-23,Tuesday,12:45,56.0,9247,23.2,3839,2.9,473,16.1,2665,1.6,261,0.2,27,79.2,"13,086","16,512"
2019-04-23,Tuesday,21:45,52.7,9235,27.8,4862,3.4,597,15.9,2788,,,0.2,28,80.5,"14,097","17,510"
2019-04-24,Wednesday,6:45,62.9,9232,25.9,3798,1.7,250,9.4,1378,,,,,88.8,"13,030","14,658"
2019-04-24,Wednesday,12:45,58.1,9237,31.3,4968,4.3,685,4.4,697,1.7,272,0.2,27,89.4,"14,205","15,886"
2019-04-24,Wednesday,20:45,57.4,9199,34.4,5515,4.9,792,3.0,479,,,0.2,26,91.8,"14,714","16,011"
2019-04-25,Thursday,6:45,62.1,9172,29.8,4407,3.1,463,4.9,717,,,,,91.9,"13,579","14,759"
2019-04-25,Thursday,10:45,57.9,9177,34.7,5507,3.7,593,1.9,294,1.6,253,0.2,27,92.6,"14,684","15,851"
2019-04-25,Thursday,20:45,57.7,9174,33.8,5373,4.0,635,4.2,672,,,0.2,26,91.5,"14,547","15,880"
2019-04-26,Friday,6:45,62.2,9164,24.7,3644,1.6,242,11.3,1667,,,,,86.9,"12,808","14,717"
2019-04-26,Friday,14:45,56.5,9224,24.5,4004,2.3,373,15.9,2589,0.6,100,0.2,27,81.0,"13,228","16,317"
2019-04-26,Friday,21:45,54.4,9223,23.5,3979,3.0,512,18.9,3196,,,0.2,32,77.9,"13,202","16,942"
2019-04-27,Saturday,8:45,57.9,9222,24.5,3906,2.1,337,15.3,2437,,,,,82.4,"13,128","15,902"
2019-04-27,Saturday,21:45,57.8,9187,33.6,5347,3.6,576,5.0,749,,,,,91.4,"14,534","15,904"
2019-04-28,Sunday,7:45,62.1,9179,29.9,4416,1.0,146,7.0,1040,,,,,92.0,"13,595","14,781"
2019-04-28,Sunday,12:45,60.1,9161,31.5,4798,1.7,253,4.0,605,2.8,423,,,91.6,"13,959","15,240"
2019-04-28,Sunday,21:45,57.0,8882,35.3,5497,4.3,677,3.4,536,,,,,92.3,"14,379","15,592"
2019-04-29,Monday,6:45,58.1,8721,30.7,4600,2.2,328,8.9,1340,,,,,88.8,"13,321","14,989"
2019-04-29,Monday,12:45,54.2,8739,31.1,5010,2.1,334,11.0,1773,1.5,236,0.2,28,85.3,"13,749","16,120"
2019-04-29,Monday,20:45,52.1,9115,29.8,5211,3.7,649,13.9,2425,,,0.5,83,81.9,"14,326","17,483"
2019-04-30,Tuesday,6:45,59.4,9225,35.2,5466,1.8,280,3.5,545,,,,,94.6,"14,691","15,516"
2019-04-30,Tuesday,12:45,59.8,9204,34.8,5359,2.3,360,0.9,136,1.9,286,0.3,53,94.6,"14,563","15,398"
2019-04-30,Tuesday,20:45,56.6,9232,32.0,5224,4.4,719,6.4,1049,,,0.5,83,88.6,"14,456","16,307"
2019-05-01,Wednesday,7:45,51.1,8415,28.6,4701,1.5,246,18.6,3054,,,0.2,39,79.7,"13,116","16,455"
2019-05-01,Wednesday,12:45,47.8,8402,31.7,5581,2.3,411,17.0,2995,0.9,156,0.2,40,79.5,"13,983","17,585"
2019-05-01,Wednesday,20:45,48.2,8403,33.4,5826,9.6,1683,8.3,1443,,,0.5,90,81.6,"14,229","17,445"
2019-05-02,Thursday,6:45,59.5,8420,32.3,4569,5.1,723,3.1,437,,,,,91.8,"12,939","14,149"
2019-05-02,Thursday,15:45,54.9,8594,34.9,5457,7.7,1203,0.5,76,1.6,247,0.5,80,89.8,"14,051","15,657"
2019-05-02,Thursday,20:45,54.0,8595,37.3,5926,7.0,1113,1.0,153,,,0.7,106,91.3,"14,521","15,893"
2019-05-03,Friday,6:45,58.1,8599,35.8,5296,3.8,568,2.1,312,,,,,93.9,"13,895","14,775"
2019-05-03,Friday,12:45,53.6,8627,35.2,5662,5.2,831,4.5,731,1.0,153,0.6,98,88.8,"14,289","16,102"
2019-05-03,Friday,20:45,57.7,8977,33.5,5212,2.9,455,5.3,823,,,0.6,86,91.2,"14,189","15,553"
2019-05-04,Saturday,8:45,59.3,9140,35.9,5529,2.5,379,2.1,327,,,0.2,28,95.2,"14,669","15,403"
2019-05-04,Saturday,13:45,56.4,9152,35.0,5674,6.1,984,1.3,214,1.2,190,,,91.4,"14,826","16,214"
2019-05-04,Saturday,20:45,58.5,9164,37.0,5802,3.8,592,0.5,84,,,0.1,23,95.5,"14,966","15,665"
2019-05-05,Sunday,8:45,61.6,9188,32.7,4874,3.1,463,2.2,335,0.4,59,,,94.3,"14,062","14,919"
2019-05-05,Sunday,13:45,60.3,9202,32.9,5018,3.1,470,1.1,168,2.7,412,,,93.2,"14,220","15,270"
2019-05-05,Sunday,21:45,56.8,9186,36.1,5848,5.3,863,1.8,289,,,,,92.9,"15,034","16,186"
2019-05-06,Monday,6:45,60.6,9058,30.4,4539,3.1,462,5.8,874,,,,,91.0,"13,597","14,933"
2019-05-06,Monday,12:45,59.9,9196,31.9,4904,4.3,662,1.6,242,2.1,319,0.2,27,91.8,"14,100","15,350"
2019-05-06,Monday,20:45,56.0,9204,34.6,5689,6.2,1026,2.6,426,,,0.5,80,90.6,"14,893","16,425"
2019-05-07,Tuesday,7:45,59.4,9076,32.4,4947,3.0,454,5.2,791,,,,,91.8,"14,023","15,268"
2019-05-07,Tuesday,12:45,63.5,9220,29.2,4247,4.4,639,1.6,228,1.2,177,,,92.7,"13,467","14,511"
2019-05-07,Tuesday,20:45,58.3,9163,28.6,4488,7.5,1175,5.4,853,0.2,24,,,86.9,"13,651","15,703"
2019-05-08,Wednesday,7:45,56.2,8437,29.3,4397,4.8,712,9.5,1428,,,,,85.5,"12,834","14,974"
2019-05-08,Wednesday,12:45,54.4,8383,28.7,4421,3.9,602,10.3,1588,2.6,401,0.2,27,83.1,"12,804","15,422"
2019-05-08,Wednesday,20:45,53.0,8377,26.7,4219,2.5,402,17.0,2691,0.6,101,0.2,27,79.7,"12,596","15,817"
2019-05-09,Thursday,7:45,54.8,8442,27.4,4212,1.3,198,16.3,2515,,,0.2,27,82.2,"12,654","15,394"
2019-05-09,Thursday,15:45,51.7,8422,27.1,4409,3.4,547,16.8,2730,0.9,153,0.2,27,78.8,"12,831","16,288"
2019-05-09,Thursday,20:45,51.9,8433,29.4,4779,4.8,783,13.7,2230,,,0.2,26,81.3,"13,212","16,251"
2019-05-10,Friday,6:45,55.3,7958,30.7,4421,5.1,732,8.7,1257,,,0.2,26,86.0,"12,379","14,394"
2019-05-10,Friday,12:45,52.7,8408,27.9,4454,4.4,700,14.0,2242,0.8,134,0.2,25,80.6,"12,862","15,963"
2019-05-10,Friday,20:45,53.9,8495,33.1,5217,8.3,1310,4.5,704,,,0.2,26,87.0,"13,712","15,752"
2019-05-11,Saturday,7:45,58.9,7914,33.4,4488,3.5,471,3.9,518,,,0.3,47,92.3,"12,402","13,438"
2019-05-11,Saturday,20:45,52.1,7923,34.4,5230,8.2,1242,4.7,721,,,0.5,83,86.5,"13,153","15,199"
2019-05-12,Sunday,7:45,58.8,7925,32.2,4338,1.3,169,7.5,1015,,,0.2,27,91.0,"12,263","13,474"
2019-05-12,Sunday,15:45,50.5,7914,29.3,4587,4.1,650,14.9,2333,1.7,167,0.2,27,79.8,"12,501","15,678"
2019-05-12,Sunday,20:45,49.8,7894,32.1,5091,3.9,621,13.9,2212,,,0.2,26,81.9,"12,985","15,844"
2019-05-13,Monday,6:45,56.0,7914,32.4,4577,5.3,747,6.1,868,,,0.2,31,88.4,"12,491","14,137"
2019-05-13,Monday,12:45,48.5,7910,31.8,5182,12.4,2025,5.5,893,1.0,158,0.9,142,80.3,"13,092","16,310"
2019-05-13,Monday,20:45,52.3,8729,30.1,5019,8.4,1405,9.0,1501,,,0.2,34,82.4,"13,748","16,688"
2019-05-14,Tuesday,6:45,60.1,8941,28.3,4217,2.7,404,8.7,1291,,,0.2,26,88.4,"13,158","14,879"
2019-05-14,Tuesday,12:45,58.5,9226,30.6,4828,4.3,679,4.9,773,1.2,197,0.5,77,89.1,"14,054","15,780"
2019-05-14,Tuesday,20:45,56.9,9264,34.7,5644,5.0,813,2.7,442,0.2,27,0.5,86,91.6,"14,908","16,276"
2019-05-15,Wednesday,6:45,64.3,9285,28.5,4111,1.9,279,5.2,745,,,,,92.8,"13,396","14,420"
2019-05-15,Wednesday,12:45,59.7,9230,31.7,4906,3.4,526,2.7,416,2.3,350,0.2,35,91.4,"14,136","15,463"
2019-05-15,Wednesday,20:45,56.7,9278,34.1,5582,5.4,891,3.1,500,0.2,26,0.5,86,90.8,"14,860","16,363"
2019-05-16,Thursday,6:45,64.2,9302,30.1,4361,3.8,556,1.8,260,,,,,94.3,"13,663","14,479"
2019-05-16,Thursday,10:45,58.7,9257,34.2,5392,3.8,600,1.2,195,2.0,312,0.2,27,92.9,"14,649","15,783"
2019-05-16,Thursday,19:45,55.6,9302,28.0,4677,3.3,555,12.7,2130,0.2,40,0.2,27,83.6,"13,979","16,731"
2019-05-17,Friday,7:45,61.4,9460,28.7,4422,3.7,576,5.8,900,,,0.3,45,90.1,"13,882","15,403"
2019-05-17,Friday,12:45,58.7,9428,31.7,5089,2.8,449,4.6,745,1.9,302,0.4,61,90.4,"14,517","16,074"
2019-05-17,Friday,19:45,59.6,9464,32.5,5165,2.7,436,4.3,681,0.7,111,0.2,27,92.1,"14,629","15,884"
2019-05-18,Saturday,7:45,68.1,9684,28.1,4000,0.7,106,2.8,403,,,,,96.2,"13,684","14,193"
2019-05-18,Saturday,20:45,60.7,9781,30.6,4921,3.0,488,5.5,885,0.2,26,,,91.3,"14,702","16,101"
2019-05-19,Sunday,7:45,64.7,9008,28.2,3927,0.8,107,6.3,876,,,,,92.9,"12,935","13,918"
2019-05-19,Sunday,13:45,63.6,9533,29.9,4478,0.9,139,3.8,576,1.8,268,,,93.5,"14,011","14,994"
2019-05-19,Sunday,19:45,59.1,9830,27.4,4557,0.8,136,12.4,2066,0.3,43,,,86.5,"14,387","16,632"
2019-05-20,Monday,7:45,62.9,8440,30.3,4072,0.7,100,6.0,803,,,,,93.2,"12,512","13,415"
2019-05-20,Monday,12:45,64.1,9657,29.0,4378,0.9,129,4.8,719,1.3,194,,,93.1,"14,035","15,077"
2019-05-20,Monday,19:45,61.6,9806,29.7,4725,0.8,132,7.6,1204,0.3,45,,,91.3,"14,531","15,912"
2019-05-21,Tuesday,6:45,63.6,9134,28.8,4132,2.0,289,5.6,798,,,,,92.4,"13,266","14,353"
2019-05-21,Tuesday,13:45,64.1,9822,29.1,4468,3.9,597,1.1,166,1.7,254,0.2,27,93.2,"14,290","15,334"
2019-05-21,Tuesday,17:45,60.4,9827,30.9,5027,4.8,752,2.7,433,0.7,114,0.5,78,91.3,"14,854","16,261"
2019-05-22,Wednesday,7:45,64.3,9842,25.2,3861,1.1,168,9.1,1399,,,0.2,23,89.5,"13,703","15,293"
2019-05-22,Wednesday,12:45,59.2,9836,28.4,4710,3.2,538,8.4,1395,0.6,103,0.2,28,87.6,"14,546","16,610"
2019-05-22,Wednesday,20:45,58.4,9846,31.3,5268,2.5,429,7.5,1267,,,0.2,26,89.7,"15,114","16,836"
2019-05-23,Thursday,6:45,63.0,9157,27.1,3940,0.9,134,8.9,1300,,,,,90.1,"13,097","14,531"
2019-05-23,Thursday,10:45,57.9,9841,27.8,4717,2.7,455,11.1,1892,0.3,57,0.2,27,85.7,"14,558","16,989"
2019-05-23,Thursday,19:45,58.8,9825,28.0,4678,2.5,419,10.1,1684,0.4,68,0.2,27,86.8,"14,503","16,701"
2019-05-24,Friday,6:45,65.7,9488,28.2,4074,0.9,127,5.1,735,,,,,93.9,"13,562","14,424"
2019-05-24,Friday,12:45,63.5,10374,29.1,4751,4.0,652,1.7,282,1.5,250,0.2,27,92.6,"15,125","16,336"
2019-05-24,Friday,21:45,64.0,10386,30.6,4961,2.7,435,1.8,293,,,1.0,156,94.6,"15,347","16,231"
2019-05-25,Saturday,8:45,62.1,8954,32.4,4670,1.0,138,4.4,641,,,,,94.5,"13,624","14,403"
2019-05-25,Saturday,19:45,61.9,10622,27.2,4670,0.8,131,9.9,1694,0.2,40,,,89.1,"15,292","17,157"
2019-05-26,Sunday,7:45,64.3,8478,31.3,4134,0.9,113,3.4,451,,,,,95.6,"12,612","13,176"
2019-05-26,Sunday,13:45,65.4,9937,30.2,4590,0.7,107,1.6,245,1.7,263,0.3,49,95.6,"14,527","15,191"
2019-05-26,Sunday,21:45,63.5,10636,32.8,5487,0.7,111,2.3,387,,,0.7,113,96.3,"16,123","16,734"
2019-05-27,Monday,6:45,65.4,9138,29.8,4165,1.9,269,2.8,389,,,,,95.2,"13,303","13,961"
2019-05-27,Monday,12:45,61.9,10616,32.0,5450,3.2,553,0.2,34,2.2,370,0.5,91,93.9,"16,096","17,144"
2019-05-27,Monday,20:45,61.8,10730,32.3,5616,3.1,544,2.5,430,0.1,25,0.2,29,94.1,"16,346","17,374"
2019-05-28,Tuesday,7:45,65.0,10257,26.0,4097,1.2,192,7.7,1214,,,,,91.0,"14,354","15,760"
2019-05-28,Tuesday,13:45,61.4,10778,26.5,4655,4.4,773,5.8,1012,0.9,166,0.9,156,87.9,"15,433","17,540"
2019-05-28,Tuesday,19:45,62.8,10829,28.9,4976,5.2,898,1.9,322,0.4,61,0.9,152,91.7,"15,805","17,238"
2019-05-29,Wednesday,6:45,66.2,10110,28.5,4349,2.2,342,2.9,446,,,0.2,28,94.7,"14,459","15,275"
2019-05-29,Wednesday,13:45,64.2,10814,29.6,4989,4.7,784,0.3,46,0.7,115,0.5,85,93.8,"15,803","16,833"
2019-05-29,Wednesday,20:45,63.1,10911,29.8,5144,6.4,1108,0.5,85,,,0.2,28,92.9,"16,055","17,276"
2019-05-30,Thursday,6:45,64.8,9852,29.5,4481,2.9,442,2.8,421,,,,,94.3,"14,333","15,196"
2019-05-30,Thursday,15:45,63.1,11047,26.2,4593,5.7,994,3.4,601,1.1,193,0.5,82,89.3,"15,640","17,510"
2019-05-30,Thursday,20:45,62.7,11062,29.3,5171,4.1,716,3.0,528,0.2,40,0.6,113,92.0,"16,233","17,630"
2019-05-31,Friday,6:45,63.1,9515,29.8,4492,3.0,458,4.0,604,,,,,92.9,"14,007","15,069"
2019-05-31,Friday,13:45,64.4,11146,28.5,4935,3.6,620,1.1,191,2.2,385,0.2,27,92.9,"16,081","17,304"
2019-05-31,Friday,21:45,63.1,11147,28.3,5003,2.7,482,4.8,856,,,0.9,160,91.4,"16,150","17,648"
2019-06-01,Saturday,7:45,63.5,9214,31.0,4498,1.3,190,4.1,600,,,,,94.5,"13,712","14,502"
2019-06-01,Saturday,13:45,61.3,10315,32.4,5454,2.8,472,1.7,279,1.9,314,,,93.7,"15,769","16,834"
2019-06-01,Saturday,20:45,64.9,11172,29.1,5014,2.6,450,2.5,436,,,0.8,131,94.0,"16,186","17,203"
2019-06-02,Sunday,8:45,63.3,8791,30.3,4206,0.8,105,5.5,761,,,,,93.6,"12,997","13,863"
2019-06-02,Sunday,21:45,62.2,10709,27.1,4655,1.6,276,9.1,1559,,,,,89.3,"15,364","17,199"
2019-06-03,Monday,6:45,66.0,9349,28.0,3963,0.8,107,5.2,752,,,,,94.0,"13,312","14,151"
2019-06-03,Monday,13:45,65.7,10751,27.3,4462,3.5,573,2.1,347,1.3,206,0.2,26,93.0,"15,213","16,365"
2019-06-03,Monday,20:45,64.2,10943,26.7,4553,4.1,699,4.5,773,0.2,30,0.2,40,90.9,"15,496","17,038"
2019-06-04,Tuesday,6:45,67.8,9911,27.0,3950,1.3,187,3.8,563,,,,,94.8,"13,861","14,611"
2019-06-04,Tuesday,12:45,63.5,10922,27.0,4641,2.7,468,5.4,921,1.3,215,0.2,28,90.5,"15,563","17,195"
2019-06-04,Tuesday,20:45,61.9,11118,25.1,4504,5.4,989,6.8,1222,,,0.7,123,91.0,"15,622","17,936"
2019-06-05,Wednesday,6:45,68.8,9851,25.9,3711,1.1,156,4.1,589,,,,,94.7,"13,562","14,307"
2019-06-05,Wednesday,13:45,63.7,11107,28.2,4909,3.4,588,3.5,602,1.2,205,0.2,27,91.9,"16,016","17,438"
2019-06-05,Wednesday,19:45,64.6,11130,29.8,5133,3.5,602,1.4,236,0.2,39,0.5,236,94.4,"16,263","17,219"
2019-06-06,Thursday,6:45,72.1,10891,23.3,3517,1.2,186,3.2,487,,,,,95.4,"14,408","15,081"
2019-06-06,Thursday,21:45,65.3,11523,29.7,5248,4.0,704,0.5,94,,,0.5,83,95.0,"16,771","17,652"
2019-06-07,Friday,7:45,69.7,10377,27.8,4130,1.2,186,1.0,152,,,0.2,23,97.5,"14,507","14,868"
2019-06-07,Friday,14:45,65.4,11479,25.9,4545,3.7,655,2.5,438,2.3,406,0.2,27,91.3,"16,024","17,550"
2019-06-07,Friday,19:45,67.2,11952,25.8,4586,2.9,521,3.2,565,0.7,129,0.1,26,93.0,"16,538","17,779"
2019-06-08,Saturday,7:45,68.8,9116,28.9,3830,0.8,104,1.4,189,,,,,97.7,"12,946","13,239"
2019-06-08,Saturday,13:45,63.1,9433,29.1,4360,0.7,105,4.4,661,2.7,398,,,92.2,"13,793","14,957"
2019-06-08,Saturday,22:45,65.7,11114,26.3,4455,0.6,98,7.3,1242,,,,,92.0,"15,569","16,909"
2019-06-09,Sunday,7:45,67.9,9196,28.2,3827,0.7,100,3.1,415,,,,,96.1,"13,028","13,538"
2019-06-09,Sunday,13:45,66.0,11074,25.6,4301,0.6,101,5.7,962,2.0,340,,,91.6,"15,375","16,778"
2019-06-09,Sunday,19:45,62.9,11124,27.8,4920,0.6,102,8.1,1434,0.6,104,,,90.7,"16,049","17,684"
2019-06-10,Monday,6:45,68.7,10282,25.7,3849,0.8,118,4.7,710,,,,,94.4,"14,131","14,959"
2019-06-10,Monday,13:45,61.4,11119,27.5,4975,2.7,485,7.5,1362,0.8,150,0.1,27,88.9,"16,094","18,118"
2019-06-10,Monday,19:45,61.7,11345,25.8,4751,2.7,491,9.5,1752,,,0.2,29,87.5,"16,096","18,368"
2019-06-11,Tuesday,6:45,67.2,9926,28.4,4190,1.4,202,3.0,447,,,,,95.6,"14,116","14,765"
2019-06-11,Tuesday,12:45,67.6,11471,26.3,4454,2.4,409,1.8,297,1.9,319,,,93.9,"15,925","16,950"
2019-06-11,Tuesday,21:45,64.0,11536,29.7,5349,4.5,805,1.7,314,,,0.1,27,93.7,"16,885","18,031"
2019-06-12,Wednesday,6:45,68.7,9918,26.2,3777,1.3,189,3.7,532,,,,,94.9,"13,695","14,416"
2019-06-12,Wednesday,12:45,68.0,11616,25.2,4304,2.2,372,2.7,469,1.8,307,0.2,26,93.2,"15,920","17,094"
2019-06-12,Wednesday,19:45,64.8,11911,25.9,4767,4.5,822,4.0,743,0.6,105,0.1,27,90.7,"16,678","18,375"
2019-06-13,Thursday,6:45,67.0,9892,24.9,3682,2.0,288,6.0,886,,,,,91.9,"13,574","14,748"
2019-06-13,Thursday,10:45,65.3,11646,27.5,4913,2.6,468,4.3,761,0.3,51,,,92.8,"16,559","17,839"
2019-06-13,Thursday,20:45,66.6,11933,25.8,4624,1.0,188,6.3,1128,,,,,92.4,"16,557","17,873"
2019-06-14,Friday,6:45,67.7,9551,26.3,3711,1.2,174,4.6,653,,,,,94.0,"13,262","14,089"
2019-06-14,Friday,12:45,69.2,11401,28.0,4614,1.1,181,1.3,211,0.4,58,,,97.2,"16,015","16,465"
2019-06-15,Saturday,15:45,70.1,11512,26.0,4277,0.6,105,2.9,468,0.3,57,,,96.1,"15,789","16,419"
2019-06-15,Saturday,21:45,70.1,12118,24.6,4247,0.6,108,4.7,815,,,,,94.7,"16,365","17,286"
2019-06-16,Sunday,7:45,69.6,9776,26.5,3728,0.7,104,3.1,437,,,,,96.1,"13,504","14,045"
2019-06-16,Sunday,12:45,68.2,10372,28.0,4260,0.7,103,1.4,209,1.8,275,,,96.2,"14,632","15,219"
2019-06-16,Sunday,19:45,70.6,11491,27.4,4459,0.6,105,0.7,117,0.6,101,,,98.0,"15,950","16,273"
2019-06-17,Monday,6:45,73.0,10797,25.0,3697,0.7,109,1.2,176,,,,,98.0,"14,494","14,779"
2019-06-17,Monday,12:45,70.5,12147,25.0,4305,2.0,337,0.4,71,1.9,329,0.2,37,95.5,"16,452","17,226"
2019-06-17,Monday,21:45,67.2,12148,29.3,5294,2.9,529,0.4,81,,,0.1,27,96.5,"17,442","18,079"
2019-06-18,Tuesday,6:45,71.5,11070,25.7,3982,1.2,187,1.5,236,,,,,97.2,"15,052","15,475"
2019-06-18,Tuesday,12:45,69.0,11968,27.0,4681,3.3,569,,,0.6,109,0.2,27,96.0,"16,649","17,354"
2019-06-18,Tuesday,20:45,66.9,12151,28.7,5202,3.4,624,0.3,61,0.2,36,0.4,80,95.6,"17,353","18,154"
2019-06-19,Wednesday,6:45,70.3,10774,28.3,4338,1.2,184,0.2,25,,,,,98.6,"15,112","15,321"
2019-06-19,Wednesday,12:45,69.6,12136,25.8,4494,3.1,539,,,1.2,216,0.3,44,95.4,"16,630","17,429"
2019-06-19,Wednesday,20:45,64.8,12134,28.8,5385,5.1,957,0.6,119,0.2,40,0.4,83,93.6,"17,519","18,718"
2019-06-20,Thursday,6:45,70.8,10803,25.2,3844,2.3,346,1.5,234,,,0.2,33,96.0,"14,647","15,260"
2019-06-20,Thursday,15:45,68.4,12130,25.4,4502,3.0,528,2.2,388,0.8,150,0.3,52,93.8,"16,640","17,758"
2019-06-20,Thursday,19:45,66.8,12136,26.4,4795,2.9,523,3.4,618,0.3,46,0.2,41,93.2,"16,931","18,159"
2019-06-21,Friday,6:45,69.9,10100,25.4,3664,1.3,191,3.1,441,,,0.4,52,95.3,"13,764","14,448"
2019-06-21,Friday,13:45,67.9,11843,24.6,4297,1.3,233,4.1,713,1.7,294,0.3,56,92.5,"16,140","17,436"
2019-06-21,Friday,21:45,67.1,12146,28.9,5226,1.0,176,2.7,490,,,0.3,53,96.0,"17,372","18,091"
2019-06-22,Saturday,6:45,70.9,9813,24.7,3411,0.8,104,3.7,506,,,,,95.6,"13,224","13,834"
2019-06-22,Saturday,19:45,68.9,12127,25.4,4472,1.9,326,3.0,525,0.8,132,,,94.3,"16,599","17,582"
2019-06-23,Sunday,8:45,68.7,9644,29.2,4098,0.7,103,0.7,96,0.5,68,0.2,30,97.9,"13,742","14,039"
2019-06-23,Sunday,20:45,65.3,12138,29.5,5490,2.9,532,2.2,405,0.2,37,,,94.8,"17,628","18,602"
2019-06-24,Monday,4:45,76.1,11647,21.6,3303,0.7,101,1.6,238,,,,,97.7,"14,950","15,289"
2019-06-24,Monday,12:45,66.0,12127,23.8,4369,1.5,272,6.8,1256,1.7,305,0.2,32,89.8,"16,496","18,361"
2019-06-24,Monday,20:45,63.1,12104,26.9,5172,2.9,552,6.2,1187,0.5,97,0.4,83,92.0,"17,276","19,195"
2019-06-25,Tuesday,6:45,71.8,11560,21.5,3467,0.9,151,5.7,919,,,,,93.3,"15,027","16,097"
2019-06-25,Tuesday,12:45,66.2,12079,23.3,4252,2.5,461,6.0,1098,1.9,338,0.1,27,89.5,"16,331","18,255"
2019-06-25,Tuesday,20:45,61.9,12083,26.1,5094,4.6,888,6.8,1334,0.2,31,0.4,83,88.0,"17,177","19,513"
2019-06-26,Wednesday,6:45,75.2,12090,20.6,3313,1.8,285,2.3,368,,,,,95.8,"15,403","16,056"
2019-06-26,Wednesday,12:45,64.4,12023,23.6,4409,4.8,898,4.7,882,2.1,384,0.4,72,88.0,"16,432","18,668"
2019-06-26,Wednesday,19:45,59.9,12061,25.3,5086,8.2,1644,5.3,1644,0.6,122,0.8,153,85.2,"17,147","20,128"
2019-06-27,Thursday,7:45,70.6,11665,22.9,3786,5.2,854,1.2,193,,,,,93.5,"15,451","16,498"
2019-06-27,Thursday,20:45,60.4,12023,27.4,5452,10.6,2102,0.6,113,0.2,35,0.9,171,87.8,"17,475","19,896"
2019-06-28,Friday,7:45,71.6,11433,23.5,3747,3.0,480,1.8,286,,,,,95.1,"15,180","15,946"
2019-06-28,Friday,13:45,61.9,11999,24.7,4796,9.5,1846,1.9,378,1.6,312,0.3,65,86.6,"16,795","19,396"
2019-06-28,Friday,19:45,65.1,12020,26.8,4941,5.7,1061,1.5,280,0.4,82,0.5,84,91.9,"16,961","18,468"
2019-06-29,Saturday,7:45,74.3,11456,23.1,3565,1.2,181,1.3,203,,,,,97.4,"15,023","15,405"
2019-06-29,Saturday,13:45,68.4,12045,26.0,4586,2.1,378,1.7,295,1.7,303,,,94.4,"16,631","17,607"
2019-06-30,Sunday,13:45,72.2,12118,22.4,3768,2.4,402,1.6,275,1.4,231,,,94.6,"15,886","16,794"
2019-06-30,Sunday,19:45,66.1,12158,26.6,4887,3.8,703,2.8,524,0.7,134,,,92.7,"17,045","18,406"
2019-07-01,Monday,7:45,75.1,11011,22.5,3303,1.3,184,1.0,153,,,,,97.6,"14,314","14,651"
2019-07-01,Monday,13:45,67.6,11737,23.0,4003,5.8,1008,1.5,267,2.1,357,,,90.6,"15,740","17,372"
2019-07-01,Monday,20:45,61.4,12117,27.5,5429,7.4,1458,3.4,676,0.2,39,,,88.9,"17,546","19,719"
2019-07-02,Tuesday,7:45,78.5,11833,19.4,2919,1.4,209,0.8,115,,,,,97.9,"14,752","15,076"
2019-07-02,Tuesday,13:45,63.8,12114,25.4,4814,7.6,1451,0.8,147,1.8,347,0.5,103,89.2,"16,928","18,976"
2019-07-02,Tuesday,19:45,59.8,12085,24.5,4950,12.9,2604,1.1,213,1.1,226,0.7,144,84.3,"17,035","20,222"
2019-07-03,Wednesday,6:45,64.7,12115,19.9,3734,13.5,2528,1.0,187,0.3,47,0.7,128,84.6,"15,849","18,739"
2019-07-03,Wednesday,12:45,64.1,12136,25.1,4752,8.8,1666,0.2,32,1.4,263,0.4,85,89.2,"16,888","18,934"
2019-07-03,Wednesday,20:45,57.5,12095,24.6,6164,16.4,3451,0.7,141,0.2,39,0.7,139,82.1,"17,259","21,029"
2019-07-04,Thursday,6:45,75.3,12086,20.1,3227,2.1,334,2.1,332, ,,0.5,74,95.4,"15,313","16,053"
2019-07-04,Thursday,20:45,56.3,12078,24.3,5206,17.9,3850,0.8,176,0.2,39,0.5,104,80.6,"17,284","21,453"
2019-07-05,Friday,6:45,73.1,12074,20.0,3305,4.8,789,1.6,270,,,0.5,80,93.1,"15,379","16,518"
2019-07-05,Friday,12:45,55.9,12051,22.4,4836,18.1,3896,1.3,279,1.5,332,0.8,166,78.3,"16,887","21,560"
2019-07-05,Friday,20:45,55.0,12019,23.5,5141,19.0,4161,1.9,412,0.2,33,0.5,104,78.5,"17,160","21,870"
2019-07-06,Saturday,7:45,75.1,12054,21.0,3373,2.6,419,1.3,202,,,,,96.1,"15,427","16,048"
2019-07-06,Saturday,21:45,59.8,12054,23.8,4802,9.5,1914,6.5,1304,,,0.3,67,83.6,"16,856","20,141"
2019-07-07,Sunday,7:45,75.5,11716,20.0,3097,0.7,107,3.8,593,,,,,95.5,"14,813","15,513"
2019-07-07,Sunday,12:45,66.7,12021,23.2,4180,4.9,889,3.0,549,2.1,382,,,89.9,"16,201","18,021"
2019-07-07,Sunday,21:45,64.3,11943,24.8,4601,6.9,1281,4.0,737,,,,,89.1,"16,544","18,562"
2019-07-08,Monday,6:45,75.8,11502,21.5,3257,0.7,111,1.9,288,,,,,97.3,"14,759","15,158"
2019-07-08,Monday,12:45,66.0,11987,23.2,4215,7.5,1354,1.0,188,2.2,398,0.2,28,89.2,"16,202","18,170"
2019-07-09,Tuesday,1:45,75.1,11990,22.7,3618,1.2,190,0.9,138,,,0.2,24,97.8,"15,608","15,960"
2019-07-09,Tuesday,6:45,75.3,11445,20.2,3065,3.8,572,0.7,99,,,,,95.5,"14,510","15,181"
2019-07-09,Tuesday,16:45,60.5,12003,22.1,4377,13.9,2757,1.1,219,2.0,390,0.4,85,82.6,"16,380","19,831"
2019-07-09,Tuesday,21:45,59.2,11985,24.7,4993,15.3,3092,0.3,67,,,0.4,85,83.9,"16,978","20,222"
2019-07-10,Wednesday,5:45,75.9,11491,20.7,3128,1.8,277,1.5,226,,,,,96.6,"14,619","15,122"
2019-07-10,Wednesday,21:45,57.2,11908,23.2,4825,14.8,3082,4.3,898,,,0.5,101,80.4,"16,733","20,814"
2019-07-11,Thursday,6:45,72.0,11918,19.3,3201,3.2,530,5.4,898,,,,,91.3,"15,119","16,547"
2019-07-11,Thursday,16:45,57.0,11873,21.4,4449,12.5,2602,7.5,1571,1.0,216,0.5,104,78.4,"16,322","20,815"
2019-07-11,Thursday,21:45,60.9,11933,21.1,4136,10.3,2027,7.1,1396,,,0.4,85,82.0,"16,069","19,577"
2019-07-12,Friday,6:45,71.4,10864,22.5,3422,3.4,511,2.6,395,,,,,93.5,"14,286","15,192"
2019-07-12,Friday,21:45,59.6,11121,25.6,4772,12.3,2286,1.6,291,,,0.9,171,85.2,"15,893","18,641"
2019-07-13,Saturday,6:45,73.0,10858,18.9,2805,2.0,295,6.2,917,,,,,91.9,"13,663","14,875"
2019-07-13,Saturday,12:45,60.8,11063,20.6,3757,8.4,1530,8.6,1574,1.5,281,,,81.4,"14,820","18,205"
2019-07-13,Saturday,21:45,57.3,11102,24.8,4792,11.7,2259,6.2,1200,,,,,82.1,"15,894","19,353"
2019-07-14,Sunday,6:45,71.4,10505,23.3,3430,2.0,301,3.2,476,,,,,94.7,"13,935","14,712"
2019-07-14,Sunday,13:45,63.2,10817,22.0,3773,11.3,1941,1.4,233,2.1,352,,,85.2,"14,590","17,116"
2019-07-14,Sunday,20:45,55.3,10871,24.6,4833,18.4,3610,1.6,314,0.2,34,,,79.9,"15,704","19,662"
2019-07-15,Monday,16:45,55.4,11180,22.4,4519,16.7,3363,3.9,780,1.3,270,0.4,83,77.8,"15,699","20,195"
2019-07-15,Monday,20:45,54.5,11169,22.0,4516,18.8,3853,3.9,799,,,0.6,132,76.5,"15,685","20,469"
2019-07-16,Tuesday,8:45,64.7,11224,18.4,3200,13.1,2281,3.6,617,0.2,30,,,83.1,"14,424","17,352"
2019-07-16,Tuesday,13:45,53.2,11197,19.5,4101,18.2,3837,7.5,1589,1.3,177,0.3,53,72.7,"15,298","21,054"
2019-07-16,Tuesday,20:45,52.1,11177,23.8,5109,17.9,3848,5.4,1169,,,0.6,137,75.9,"16,286","21,440"
2019-07-17,Wednesday,6:45,67.7,11189,16.9,2788,11.2,1846,4.1,684,,,,,84.6,"13,977","16,507"
2019-07-17,Wednesday,13:45,56.1,11200,20.6,4105,20.9,4179,1.0,190,1.1,216,0.4,78,76.7,"15,305","19,968"
2019-07-17,Wednesday,21:45,53.8,11217,23.7,4941,19.3,4035,2.5,513,,,0.7,153,77.5,"16,158","20,859"
2019-07-18,Thursday,7:45,67.3,11191,16.8,2800,12.9,2151,2.8,466,,,,,84.1,"13,991","16,608"
2019-07-18,Thursday,10:45,60.1,11201,22.7,4238,15.1,2823,1.0,185,0.9,173,0.1,27,82.8,"15,439","18,647"
2019-07-18,Thursday,20:45,52.7,11135,22.8,4821,18.2,3849,5.9,1241,,,0.2,40,75.5,"15,956","21,086"
2019-07-19,Friday,7:45,61.9,11146,15.5,2799,14.5,2616,7.9,1417,,,,,77.4,"13,945","17,978"
2019-07-19,Friday,12:45,51.4,11141,21.1,4575,19.6,4237,6.1,1326,1.3,290,0.4,94,72.5,"15,716","21,663"
2019-07-20,Saturday,10:48,63.0,10391,17.8,2931,14.0,2305,5.3,869,,,,,80.8,"13,322","16,496"
2019-07-20,Saturday,14:45,49.6,10360,20.4,4262,21.3,4458,6.6,1379,1.7,356,0.4,74,70.0,"14,622","20,889"
2019-07-20,Saturday,20:45,51.8,10375,22.8,4576,18.5,3696,6.4,1282,,,0.4,74,74.6,"14,951","20,003"
2019-07-21,Sunday,7:45,64.5,10361,19.4,3120,11.7,1879,4.3,698,,,,,83.9,"13,481","16,058"
2019-07-21,Sunday,12:45,58.9,10356,21.4,3762,15.5,2718,2.5,437,1.7,304,,,80.3,"14,118","17,577"
2019-07-21,Sunday,20:45,53.1,10516,21.1,4178,21.9,4332,3.7,742,0.2,36,,,74.2,"14,694","19,704"
2019-07-22,Monday,6:45,68.3,10344,24.2,3670,5.2,789,2.2,331,,,,,92.5,"14,014","15,134"
2019-07-22,Monday,12:45,58.1,10355,22.5,4008,16.3,2900,1.6,281,1.3,224,0.2,40,80.6,"14,364","17,809"
2019-07-22,Monday,19:45,57.0,10507,23.2,4278,12.0,2204,7.4,1367,0.3,53,0.1,27,80.2,"14,785","18,436"
2019-07-23,Tuesday,8:45,67.7,11022,21.5,3503,8.3,1354,2.0,322,0.3,42,0.2,27,89.2,"14,525","16,270"
2019-07-23,Tuesday,12:45,62.9,11049,20.6,3622,12.2,2135,2.5,442,1.7,290,0.2,27,83.4,"14,671","17,565"
2019-07-23,Tuesday,19:45,54.9,10476,24.5,1046,16.6,3172,3.3,638,0.4,82.0,0.1,27,79.4,"15,149","19,068"
2019-07-24,Wednesday,7:45,72.0,11146,19.0,2942,6.7,1040,2.1,323,,,,,91.0,"14,088","15,451"
2019-07-24,Wednesday,14:45,61.9,11017,20.7,3684,14.4,2554,1.3,227,1.6,287,0.2,27,82.6,"14,701","17,796"
2019-07-24,Wednesday,20:45,59.1,11195,24.4,4622,14.1,2671,2.1,389,0.2,36,0.2,38,83.5,"15,817","18,951"
2019-07-25,Thursday,6:45,73.7,10970,19.8,2953,4.9,733,1.4,207,,,,,93.5,"13,923","14,863"
2019-07-25,Thursday,20:45,56.2,11216,22.7,4533,18.3,3653,2.5,497,0.2,36,,,79.0,"15,749","19,935"
2019-07-26,Friday,8:45,68.6,11191,19.3,3150,10.9,1786,0.7,119,0.2,33,0.2,35,87.9,"14,341","16,314"
2019-07-26,Friday,13:45,56.1,11141,20.2,4014,19.7,3909,2.1,419,1.8,363,,,76.3,"15,155","19,846"
2019-07-26,Friday,20:45,54.4,11136,23.8,4870,18.4,3763,2.9,584,0.2,33,0.5,93,78.2,"16,006","20,479"
2019-07-27,Saturday,7:45,73.4,11181,17.8,2716,3.9,600,4.8,733,,,,,91.2,"13,897","15,230"
2019-07-27,Saturday,12:45,57.5,11135,19.4,3748,11.6,2237,9.9,1918,1.6,314,,,76.9,"14,883","19,352"
2019-07-27,Saturday,20:45,55.2,11061,22.6,4537,10.1,2023,11.7,2341,0.1,30,0.3,57,77.8,"15,598","20,049"
2019-07-28,Sunday,8:45,69.7,11084,19.8,3144,4.9,720,5.5,869,0.2,35,,,89.5,"14,228","15,912"
2019-07-28,Sunday,13:45,56.8,11044,21.1,4104,16.1,3124,4.5,866,1.6,303,,,77.9,"15,148","19,441"
2019-07-28,Sunday,20:45,54.1,11044,21.9,4475,19.5,3968,3.9,787,0.1,29,0.5,93,76.0,"15,519","20,396"
2019-07-29,Monday,6:45,69.3,11037,16.5,2622,8.6,1372,5.5,882,,,,,85.8,"13,659","15,913"
2019-07-29,Monday,12:45,51.1,11005,19.3,4151,17.9,3853,9.6,2068,1.4,308,0.7,146,70.4,"15,156","21,531"
2019-07-29,Monday,20:45,51.3,10969,22.0,4711,21.3,4557,5.1,1085,,,0.2,42,73.3,"15,680","21,364"
2019-07-30,Tuesday,6:45,68.7,10980,16.6,2662,12.4,1983,2.2,353,,,,,85.3,"13,642","15,978"
2019-07-30,Tuesday,12:45,55.1,10939,21.0,4169,21.5,4275,1.3,252,1.0,208,,,76.1,"15,108","19,843"
2019-07-30,Tuesday,20:45,52.7,10943,22.1,4594,21.7,4516,3.1,647,0.1,31,0.2,39,74.8,"15,537","20,770"
2019-07-31,Wednesday,7:45,70.3,11392,17.3,2802,10.6,1721,1.4,225,,,0.3,51,87.6,"14,194","16,191"
2019-07-31,Wednesday,13:45,60.9,11324,21.3,3953,14.5,2697,1.1,211,1.8,342,0.3,56,82.2,"15,272","18,583"
2019-07-31,Wednesday,20:45,56.3,11399,23.1,4678,17.2,3476,3.0,610,0.2,31,0.3,59,79.4,"16,077","20,253"
2019-08-01,Thursday,6:45,76.1,11511,17.5,2649,3.1,475,3.0,448,,,0.2,34,93.6,"14,160","15,118"
2019-08-01,Thursday,20:45,57.7,11484,22.5,4467,17.6,3491,2.0,390,0.2,30,,,80.2,"15,951","19,862"
2019-08-02,Friday,6:45,79.6,11704,17.8,2613,2.1,310,0.5,71,,,,,97.4,"14,317","14,698"
2019-08-02,Friday,12:45,64.1,11695,20.1,3671,13.2,2416,0.3,55,2.0,372,,,84.2,"15,366","18,209"
2019-08-02,Friday,20:45,57.8,11685,22.5,4545,18.9,3819,0.6,113,,,,,80.3,"16,230","20,162"
2019-08-03,Saturday,6:45,75.9,11119,20.4,2980,2.8,410,0.9,132,,,,,96.3,"14,099","14,641"
2019-08-03,Saturday,16:45,63.4,11646,22.8,4189,10.9,1927,1.4,265,1.9,343,,,86.2,"15,835","18,370"
2019-08-03,Saturday,21:45,62.5,11677,23.5,4379,12.6,2346,1.4,264,,,,,86.0,"16,056","18,666"
2019-08-04,Sunday,7:45,79.8,11396,17.5,2504,0.7,105,1.9,268,,,,,97.3,"13,900","14,273"
2019-08-04,Sunday,13:45,67.8,11588,20.7,3529,9.1,1555,0.4,68,2.0,347,,,88.5,"15,117","17,082"
2019-08-04,Sunday,20:45,64.9,11600,24.1,4303,10.2,1818,0.7,130,0.1,26,,,89.0,"15,903","17,777"
2019-08-05,Monday,6:45,76.8,10720,20.9,2918,0.7,102,1.6,219,,,,,97.7,"13,638","13,959"
2019-08-05,Monday,14:45,63.4,11585,20.6,3751,12.1,2205,1.5,265,2.1,374,,,84.0,"15,336","18,180"
2019-08-05,Monday,21:45,59.3,11528,22.2,4317,15.9,3085,2.6,575,,,,,81.5,"15,845","19,445"
2019-08-06,Tuesday,6:45,74.0,11533,15.5,2418,4.2,659,6.2,900,,,,,89.5,"13,949","15,574"
2019-08-06,Tuesday,12:45,60.1,11500,18.8,3604,15.2,2911,3.3,632,1.5,279,1.1,209,78.9,"15,104","19,135"
2019-08-06,Tuesday,20:45,57.9,11493,21.8,4333,17.9,3548,1.3,261,,,1.0,201,79.7,"15,826","19,834"
2019-08-07,Wednesday,6:45,72.3,11560,17.3,2770,9.8,1560,0.5,87,,,,,89.6,"14,330","15,977"
2019-08-07,Wednesday,12:45,61.2,11606,19.8,3759,16.5,3128,0.2,36,1.1,217,1.1,206,81.0,"15,365","18,952"
2019-08-07,Wednesday,20:45,57.2,11589,20.6,4185,20.2,4069,0.9,205,,,1.0,176,77.8,"15,774","20,244"
2019-08-08,Thursday,6:45,74.4,11589,16.1,2510,4.8,754,4.5,698,,,,,90.5,"14,099","15,551"
2019-08-08,Thursday,15:45,59.2,11572,17.9,3503,13.1,2553,7.6,1483,1.1,216,1.0,205,77.1,"15,075","19,532"
2019-08-08,Thursday,20:45,60.1,11628,21.2,4096,12.6,2448,5.2,1010,0.1,29,0.7,144,81.3,"15,724","19,355"
2019-08-09,Friday,6:45,76.3,11426,16.2,2430,4.2,630,3.2,474,,,,,92.5,"13,856","14,960"
2019-08-09,Friday,13:45,62.7,11746,18.8,3519,8.7,1622,8.1,1521,1.5,285,0.1,27,81.5,"15,265","18,720"
2019-08-09,Friday,20:45,66.6,11865,23.5,4187,3.7,661,6.0,1063,,,0.2,27,90.1,"16,052","17,803"
2019-08-10,Saturday,6:45,77.8,11434,17.8,2618,1.3,192,3.0,447,,,,,95.6,"14,052","14,691"
2019-08-10,Saturday,12:45,73.0,12002,19.7,3235,1.0,163,4.2,696,2.1,343,,,92.7,"15,237","16,439"
2019-08-10,Saturday,22:45,69.4,11975,25.0,4314,3.3,562,2.2,371,0.2,26,,,94.4,"16,289","17,248"
2019-08-11,Sunday,6:45,77.6,11082,17.1,2451,1.4,193,3.9,558,,,,,94.7,"13,543","14,294"
2019-08-11,Sunday,12:45,74.1,11921,20.5,3292,1.7,275,1.6,263,2.1,343,,,94.6,"15,213","16,094"
2019-08-11,Sunday,20:45,66.1,11895,25.9,4665,5.5,983,2.3,419,0.2,27,,,92.0,"16,560","17,989"
2019-08-12,Monday,6:45,75.4,11920,18.1,2857,2.8,448,3.6,570,,,,,93.5,"14,795","15,813"
2019-08-12,Monday,12:45,64.8,11887,20.5,3760,10.5,1917,2.0,369,2.0,363,0.2,45,85.3,"15,647","18,341"
2019-08-12,Monday,20:45,60.0,11899,22.0,4368,14.2,2814,3.5,697,,,,,82.0,"16,267","19,778"
2019-08-13,Tuesday,6:45,79.7,11913,16.3,2439,3.5,519,0.4,65,,,,,96.0,"14,352","14,936"
2019-08-13,Tuesday,12:45,63.2,11912,18.7,3529,15.4,2902,0.2,36,1.4,273,1.1,201,81.9,"15,441","18,853"
2019-08-13,Tuesday,20:45,58.6,11933,21.1,4284,15.1,3066,4.2,849,,,1.0,201,79.7,"16,217","20,333"
2019-08-14,Wednesday,7:45,76.6,11954,17.0,2650,3.4,524,2.8,441,,,0.2,39,93.6,"14,604","15,608"
2019-08-14,Wednesday,12:45,67.8,11896,18.4,3251,10.2,1809,2.0,348,2.0,353,0.2,27,86.2,"15,147","17,684"
2019-08-14,Wednesday,20:45,61.6,11987,21.8,4247,12.3,2385,4.1,796,,,,,83.4,"16,234","19,415"
2019-08-15,Thursday,6:45,76.8,12016,16.7,2618,1.8,285,4.6,722,,,,,93.5,"14,634","15,641"
2019-08-15,Thursday,16:45,67.2,11962,20.3,3617,10.2,1816,0.7,133,1.4,245,0.2,27,87.5,"15,579","17,800"
2019-08-15,Thursday,20:45,66.0,11973,23.4,4248,7.6,1371,2.7,493,,,0.1,26,89.4,"16,221","18,111"
2019-08-16,Friday,6:45,78.9,11944,18.2,2753,1.3,193,1.5,230,,,,,97.1,"14,697","15,120"
2019-08-16,Friday,12:45,67.9,11903,21.0,3679,8.7,1520,0.5,79,1.9,329,0.2,27,88.9,"15,582","17,537"
2019-08-16,Friday,20:45,59.9,11147,23.4,4362,14.8,2756,1.6,296,,,0.1,26,83.3,"15,509","18,587"
2019-08-17,Saturday,6:45,75.2,11067,17.9,2636,1.3,189,5.6,821,,,,,93.1,"13,703","14,713"
2019-08-17,Saturday,12:45,64.4,11012,22.3,3822,8.1,1387,4.1,708,1.0,172,,,86.7,"14,834","17,101"
2019-08-17,Saturday,20:45,58.1,10951,22.8,4288,17.2,3242,1.8,331,,,,,80.9,"15,239","18,812"
2019-08-18,Sunday,7:45,73.8,10933,19.5,2883,3.5,523,3.2,494,,,,,93.3,"13,816","14,823"
2019-08-18,Sunday,12:45,63.4,10932,19.3,3319,10.1,1746,5.4,937,1.5,253,0.3,51,82.7,"14,251","17,932"
2019-08-18,Sunday,20:45,61.3,10891,21.0,3730,11.4,2032,5.9,1051,,,0.3,56,82.3,"14,621","17,760"
2019-08-19,Monday,6:45,70.5,10901,17.2,2653,6.7,1038,5.6,860,,,,,87.7,"13,554","15,452"
2019-08-19,Monday,13:45,56.7,10933,20.1,3869,19.6,3784,1.7,319,1.8,346,,,76.8,"14,802","19,251"
2019-08-19,Monday,20:45,54.4,10940,22.0,4427,21.7,4370,1.7,336,,,,,76.4,"15,367","20,073"
2019-08-20,Tuesday,6:45,72.4,11049,18.3,2798,7.7,1175,1.4,221,,,,,90.7,"13,847","15,243"
2019-08-20,Tuesday,12:45,61.1,11010,20.6,3710,13.3,2404,2.8,499,2.0,366,0.2,28,81.7,"14,720","18,017"
2019-08-20,Tuesday,20:45,54.8,10959,21.9,4373,19.6,3924,2.7,530,,,1.0,197,76.7,"15,332","19,983"
2019-08-21,Wednesday,7:45,67.0,10978,18.8,3085,11.7,1911,2.3,374,,,0.3,46,85.8,"14,063","16,394"
2019-08-21,Wednesday,12:45,55.8,10948,18.5,3620,21.8,4271,1.5,286,1.4,281,1.0,205,74.3,"14,568","19,611"
2019-08-21,Wednesday,20:45,54.6,11057,19.7,3998,18.4,3728,6.1,1234,,,1.1,216,74.3,"15,055","20,233"
2019-08-22,Thursday,6:45,77.2,11126,18.5,2675,2.0,292,2.2,313,,,,,95.7,"13,801","14,406"
2019-08-22,Thursday,10:45,67.1,11154,19.7,3281,7.4,1235,3.9,648,0.7,109,1.2,203,86.8,"14,435","16,630"
2019-08-22,Thursday,20:45,61.1,11112,20.7,3753,12.2,2210,4.8,881,,,1.1,202,81.8,"14,865","18,158"
2019-08-23,Friday,8:45,71.5,11235,18.4,2897,8.0,1250,1.6,246,0.2,32,0.3,54,89.9,"14,132","15,714"
2019-08-23,Friday,13:45,66.4,11192,18.1,3046,10.9,1831,2.0,332,1.9,327,0.8,127,84.5,"14,238","16,855"
2019-08-23,Friday,20:45,68.0,11269,20.8,3441,4.9,813,5.7,938,,,0.5,89,88.8,"14,710","16,550"
2019-08-24,Saturday,7:45,77.6,10944,17.7,2501,1.4,197,3.3,465,,,,,95.3,"13,445","14,107"
2019-08-24,Saturday,20:45,69.9,11197,21.3,3415,6.3,1008,2.4,381,,,,,91.2,"14,612","16,001"
2019-08-25,Sunday,7:45,77.9,10692,17.4,2391,1.4,197,3.3,448,,,,,95.3,"13,083","13,728"
2019-08-25,Sunday,13:45,70.0,11018,20.1,3170,3.7,491,4.5,709,2.3,357,,,90.1,"14,188","15,745"
2019-08-25,Sunday,20:45,66.0,11146,22.5,3801,4.8,804,6.7,1126,,,,,88.5,"14,947","16,877"
2019-08-26,Monday,6:45,76.4,11174,16.7,2440,1.3,195,5.5,805,,,,,93.1,"13,614","14,614"
2019-08-26,Monday,12:45,63.6,11159,17.8,3129,6.3,1100,10.3,1819,2.0,348,0.2,27,81.4,"14,288","17,582"
2019-08-26,Monday,20:45,62.1,11114,21.2,3783,3.4,617,13.0,2331,,,0.2,29,83.3,"14,897","17,874"
2019-08-27,Tuesday,6:45,74.5,11077,15.5,2303,1.3,190,8.6,1281,,,0.1,21,90.0,"13,380","14,872"
2019-08-27,Tuesday,12:45,60.8,11040,19.0,3451,8.1,1472,11.2,2025,0.7,131,0.2,40,79.8,"14,491","18,159"
2019-08-27,Tuesday,20:45,62.2,11054,22.0,3900,8.7,1550,6.8,1215,,,0.2,37,84.2,"14,954","17,756"
2019-08-28,Wednesday,6:45,77.0,11065,16.2,2327,1.6,230,4.9,705,,,0.3,38,93.2,"13,392","14,365"
2019-08-28,Wednesday,13:45,16.1,10916,17.7,3171,6.5,1165,12.8,2284,1.7,300,0.2,35,78.8,"14,087","17,871"
2019-08-28,Wednesday,20:45,59.8,11019,20.4,3763,6.5,1194,13.0,2387,,,0.2,46,80.2,"14,782","18,409"
2019-08-29,Thursday,6:45,77.6,11063,15.6,2227,1.3,189,5.3,754,,,0.2,29,93.2,"13,290","14,262"
2019-08-29,Thursday,10:45,69.6,11081,21.7,3458,3.4,538,3.5,556,1.5,244,0.2,39,91.3,"14,539","15,916"
2019-08-29,Thursday,20:45,59.4,11044,22.1,4119,3.3,617,15.0,2781,,,0.1,27,81.5,"15,163","18,588"
2019-08-30,Friday,6:45,73.8,11131,17.7,2675,1.3,195,7.0,1063,,,,,91.5,"13,806","14,884"
2019-08-30,Friday,14:45,65.3,11184,19.2,3291,3.5,606,9.8,1683,1.9,326,0.2,26,84.5,"14,475","17,116"
2019-08-30,Friday,20:45,66.2,11241,24.8,4208,5.9,1006,2.8,475,,,0.2,27,91.0,"15,449","16,957"
2019-08-31,Saturday,6:45,77.9,11247,16.3,2352,0.8,118,5.0,723,,,,,94.2,"13,599","14,440"
2019-08-31,Saturday,12:45,73.7,11317,21.6,3313,0.8,120,1.5,235,2.4,372,,,95.3,"14,630","15,357"
2019-08-31,Saturday,20:45,73.3,11214,24.6,3766,0.8,120,1.2,187,,,,,97.9,"14,980","15,287"
2019-09-01,Sunday,6:45,80.2,11319,16.7,2358,0.8,118,2.2,313,,,,,96.9,"13,677","14,108"
2019-09-01,Sunday,12:45,73.5,11243,23.2,3550,0.8,120,1.1,170,1.4,220,,,96.7,"14,793","15,303"
2019-09-01,Sunday,20:45,73.4,11233,24.9,3818,0.8,121,0.9,133,,,,,98.3,"15,051","15,305"
2019-09-02,Monday,7:45,75.2,10807,20.8,2992,0.8,120,3.1,444,,,,,96.0,"13,799","14,363"
2019-09-02,Monday,14:45,72.5,11101,21.2,3240,2.4,369,2.0,309,1.9,291,,,93.7,"14,341","15,310"
2019-09-02,Monday,20:45,68.8,11081,25.5,4102,3.3,531,2.3,373,,,,,94.3,"15,310","16,087"
2019-09-03,Tuesday,6:45,79.8,11046,16.9,2345,0.8,117,2.3,325,,,,,96.7,"13,391","13,833"
2019-09-03,Tuesday,12:45,64.4,10956,19.9,3378,4.1,700,9.6,1633,1.9,317,0.2,27,84.3,"14,334","17,011"
2019-09-03,Tuesday,20:45,59.6,10644,21.5,3836,4.9,879,13.9,2475,,,0.1,26,81.1,"14,480","17,860"
2019-09-04,Wednesday,6:45,69.5,10606,14.8,2266,1.2,183,14.4,2194,,,,,84.3,"12,872","15,249"
2019-09-04,Wednesday,12:45,63.5,10526,19.8,3277,2.3,379,12.7,2104,1.6,271,0.2,30,83.3,"13,803","16,587"
2019-09-04,Wednesday,20:45,64.2,10741,24.7,4139,8.2,1378,2.7,445,,,0.2,27,88.9,"14,880","16,730"
2019-09-05,Thursday,6:45,77.5,10712,19.3,2665,1.9,262,1.2,165,,,,,96.8,"13,377","13,804"
2019-09-05,Thursday,16:45,68.3,10714,20.3,3182,8.3,1299,0.8,128,2.2,346,0.2,27,88.6,"13,896","15,694"
2019-09-05,Thursday,20:45,63.1,10716,24.6,4177,11.8,2004,0.4,60,,,0.2,27,87.7,"14,893","16,984"
2019-09-06,Friday,6:45,75.3,10775,20.8,2970,2.6,369,1.3,179,,,,,96.1,"13,745","14,293"
2019-09-06,Friday,12:45,66.7,10712,21.4,3430,9.7,1566,0.5,81,1.5,247,0.2,27,88.1,"14,142","16,063"
2019-09-06,Friday,20:45,66.7,10730,26.2,4214,6.2,1004,0.6,101,,,0.2,27,92.9,"14,944","16,076"
2019-09-07,Saturday,7:45,80.1,10684,18.1,2412,0.8,109,1.0,140,,,,,98.2,"13,096","13,345"
2019-09-07,Saturday,12:45,71.7,10698,20.4,3047,0.7,108,5.4,802,1.8,267,,,92.1,"13,745","14,922"
2019-09-07,Saturday,20:45,69.2,10618,26.2,4014,0.7,110,3.8,588,,,,,95.4,"14,632","15,330"
2019-09-08,Sunday,7:45,74.0,10105,21.7,2961,0.9,125,3.3,456,,,,,95.7,"13,066","13,647"
2019-09-08,Sunday,13:45,70.0,10355,24.3,3595,1.4,206,2.7,404,1.5,223,,,94.3,"13,950","14,783"
2019-09-09,Monday,6:45,78.1,10696,18.5,2528,1.4,186,1.9,265,,,,,96.6,"13,224","13,675"
2019-09-09,Monday,12:45,72.6,10696,21.3,3143,3.5,517,0.4,55,2.0,301,0.2,26,93.9,"13,839","14,738"
2019-09-09,Monday,20:45,64.9,10691,25.6,4212,7.9,1294,1.6,256,,,0.2,26,90.5,"14,903","16,479"
2019-09-10,Tuesday,6:45,76.6,10730,17.6,2470,1.7,232,4.0,565,,,,,94.2,"13,200","13,997"
2019-09-10,Tuesday,12:45,64.7,10687,19.0,3135,7.3,1199,7.4,1222,1.6,261,0.2,26,83.7,"13,822","16,530"
2019-09-10,Tuesday,20:45,60.5,10664,21.1,3723,5.3,926,13.0,2296,,,0.1,26,81.6,"14,387","17,635"
2019-09-11,Wednesday,6:45,70.7,10656,17.5,2629,7.4,1114,4.3,542,,,0.1,22,88.2,"13,285","15,063"
2019-09-11,Wednesday,12:45,60.6,10643,20.0,3512,16.9,2974,0.8,136,1.5,264,0.2,38,80.6,"14,155","17,567"
2019-09-11,Wednesday,20:45,54.8,10657,22.4,4361,19.2,3734,3.4,658,,,0.3,51,77.2,"15,018","19,461"
2019-09-12,Thursday,7:45,69.2,10685,18.1,2792,5.2,800,7.3,1121,,,0.3,47,87.3,"13,477","15,445"
2019-09-12,Thursday,15:45,67.9,10656,18.5,2897,5.5,862,6.1,950,1.8,281,0.3,57,86.4,"13,553","15,699"
2019-09-12,Thursday,20:45,64.7,10639,24.4,4008,2.4,390,8.1,1333,,,0.4,65,89.1,"14,647","16,435"
2019-09-13,Friday,7:45,70.6,10670,17.5,2644,1.3,198,10.1,1533,,,0.4,60,88.1,"13,314","15,105"
2019-09-13,Friday,12:45,63.8,10613,18.6,3099,1.2,198,14.3,2384,1.6,269,0.4,65,82.4,"13,712","16,628"
2019-09-13,Friday,20:45,59.2,10580,19.5,3491,1.1,203,19.7,3519,,,0.4,67,78.7,"14,071","17,860"
2019-09-14,Saturday,6:45,73.0,10562,17.5,2533,0.7,102,8.5,1226,,,0.3,44,90.5,"13,095","14,467"
2019-09-14,Saturday,15:45,66.4,10535,19.3,3064,0.7,106,11.6,1844,1.8,292,0.2,30,85.7,"13,599","15,871"
2019-09-14,Saturday,20:45,65.1,10565,25.5,4140,1.2,188,8.0,1292,,,0.3,45,90.6,"14,705","16,230"
2019-09-15,Sunday, 7:45,77.0,10322,20.5,2749,0.8,106,1.4,183,,,0.3,43,97.5,"13,071","13,403"
2019-09-15,Sunday,12:45,68.8,10607,25.3,3901,2.6,395,2.0,304,1.1,170,0.3,42,94.1,"14,508","15,419"
2019-09-15,Sunday,20:45,68.3,10594,26.9,4176,3.5,538,1.0,157,,,0.3,45,95.2,"14,770","15,510"
2019-09-16,Monday,6:45,76.1,10551,19.9,2754,2.5,345,1.2,160,,,0.4,59,96.0,"13,305","13,869"
2019-09-16,Monday,12:45,68.6,10592,20.8,3206,8.3,1279, ,,1.8,274,0.5,73,89.4,"13,798","15,424"
2019-09-16,Monday,20:45,64.2,10580,23.5,3867,9.6,1584,2.3,385,,,0.4,70,87.7,"14,447","16,486"
2019-09-17,Tuesday,6:45,75.4,10586,19.7,2761,3.5,497,0.9,130,,,0.4,60,95.1,"13,347","14,034"
2019-09-17,Tuesday,12:45,67.7,10515,20.6,3201,7.8,1205,1.0,149,2.5,395,0.4,68,88.3,"13,716","15,533"
2019-09-17,Tuesday,19:45,63.9,10559,23.8,3934,10.5,1734,1.1,189,0.3,46,0.4,67,87.7,"14,493","16,529"
2019-09-18,Wednesday,6:45,73.2,10614,18.2,2633,4.0,579,4.2,615,, ,0.4,55,91.4,"13,247","14,496"
2019-09-18,Wednesday,12:45,65.0,10623,20.5,3349,7.3,1193,4.4,726,2.4,391,0.4,66,85.5,"13,972","16,348"
2019-09-18,Wednesday,20:45,63.1,10659,22.8,3858,7.2,1210,6.6,1111,,,0.4,64,85.9,"14,517","16,902"
2019-09-19,Thursday,6:45,72.9,10332,20.3,2877,1.9,265,4.6,650,,,0.4,55,93.2,"13,209","14,179"
2019-09-19,Thursday,20:45,60.8,10595,24.3,4238,10.1,1758,4.6,801,,,0.2,43,85.1,"14,833","17,435"
2019-09-20,Friday,7:45,69.5,10544,18.9,2863,7.0,1062,4.3,656,,,0.4,55,88.4,"13,407","15,180"
2019-09-20,Friday,12:45,64.0,10552,20.2,3334,12.6,2085,0.5,86,2.2,362,0.4,66,84.2,"13,886","16,485"
2019-09-20,Friday,20:45,59.2,10594,24.7,4426,14.7,2631,0.9,167,,,0.4,67,83.9,"15,020","17,885"
2019-09-21,Saturday,6:45,76.1,10602,19.9,2777,2.0,285,1.6,227,,,0.3,41,96.0,"13,379","13,932"
2019-09-21,Saturday,13:45,63.0,10602,21.4,3496,10.6,1777,2.5,428,2.4,410,,,84.4,"14,198","16,813"
2019-09-21,Saturday,20:45,58.9,10592,23.2,4168,11.3,2038,6.4,1147,,,,,82.1,"14,760","17,945"
2019-09-22,Sunday,7:45,70.7,10587,18.0,2700,1.3,200,9.9,1477,,,,,88.7,"13,287","14,964"
2019-09-22,Sunday,14:45,56.9,10574,18.0,3349,5.7,1059,17.6,3272,1.7,318,,,74.9,"13,923","18,572"
2019-09-22,Sunday,20:45,55.2,10555,23.6,4519,5.4,1027,15.7,3008,,,,,78.8,"15,074","19,109"
2019-09-23,Monday,6:45,67.5,10586,17.9,2813,5.3,823,9.2,1436,,,,,85.4,"13,399","15,658"
2019-09-23,Monday,12:45,56.6,10586,20.4,3823,13.2,2475,8.7,1621,0.9,160,0.2,32,77.0,"14,409","18,697"
2019-09-23,Monday,22:45,59.7,10622,22.5,4000,5.0,895,12.6,2241,,,0.2,30,82.2,"14,622","17,788"
2019-09-24,Tuesday,7:45,70.0,10626,19.5,2960,7.8,1185,2.5,375,,,0.2,27,89.5,"13,586","15,173"
2019-09-24,Tuesday,12:45,65.3,10685,21.3,3482,8.7,1423,2.6,418,2.0,328,0.2,33,86.6,"14,167","16,369"
2019-09-24,Tuesday,20:45,61.1,10643,25.3,4412,10.4,1803,2.8,493,,,0.4,67,86.4,"15,055","17,418"
2019-09-25,Wednesday,4:45,75.3,10738,18.7,2665,1.4,193,4.2,604,,,0.4,53,94.0,"13,403","14,253"
2019-09-25,Wednesday,20:45,57.5,10693,21.6,4026,5.4,1012,15.1,2815,,,0.4,66,79.1,"14,719","18,612"
2019-09-26,Thursday,7:45,70.4,10813,21.4,3287,1.6,249,6.2,957,,,0.4,57,91.8,"14,100","15,363"
2019-09-26,Thursday,16:45,63.3,10760,19.3,3286,2.4,411,13.2,2245,1.3,227,0.4,65,82.6,"14,046","16,994"
2019-09-26,Thursday,20:45,61.4,10775,28.6,5020,6.1,1068,3.6,628,,,0.4,69,90.0,"15,795","17,560"
2019-09-27,Friday,7:45,76.5,10795,19.1,2689,2.0,277,2.2,308,,,0.3,40,95.6,"13,484","14,109"
2019-09-27,Friday,13:45,63.8,10854,19.3,3293,3.6,608,11.0,1866,2.0,348,0.3,55,83.1,"14,147","17,024"
2019-09-27,Friday,20:45,60.5,10825,20.2,3611,3.4,606,15.8,2819,,,0.2,34,80.7,"14,436","17,895"
2019-09-28,Saturday,6:45,74.9,10787,17.4,2501,0.8,111,6.7,971,,,0.2,28,92.3,"13,288","14,398"
2019-09-28,Saturday,14:45,63.4,10738,24.3,4107,4.8,807,6.6,1117,0.8,131,0.2,30,87.7,"14,845","16,930"
2019-09-28,Saturday,20:45,64.1,10773,23.6,3972,4.9,816,7.3,1227,,,0.2,30,87.7,"14,745","16,818"
2019-09-29,Sunday,7:45,73.0,10164,19.3,2679,0.7,104,6.7,937,,,0.2,31,92.3,"12,843","13,915"
2019-09-29,Sunday,12:45,70.9,10758,20.7,3140,1.8,269,4.6,702,1.8,280,0.2,30,91.6,"13,898","15,179"
2019-09-29,Sunday,20:45,63.6,10705,25.9,4359,1.9,313,8.4,1413,,,0.2,35,89.5,"15,064","16,825"
2019-09-30,Monday,6:45,71.9,10216,20.0,2846,1.3,178,6.5,926,,,0.4,50,91.9,"13,062","14,216"
2019-09-30,Monday,12:45,66.0,10718,21.7,3525,8.2,1338,2.3,380,1.4,235,0.3,51,87.7,"14,543","16,547"
2019-09-30,Monday,20:45,60.6,10701,25.5,4497,7.0,1237,6.6,1166,,,0.3,55,86.1,"15,198","17,656"
2019-10-01,Tuesday,7:45,70.7,10639,19.3,2905,1.6,241,8.1,1215,,,0.3,45,90.0,"13,544","15,045"
2019-10-01,Tuesday,13:45,57.5,10622,22.2,4100,6.7,1236,11.5,2115,1.9,343,0.3,47,79.7,"14,722","18,463"
2019-10-01,Tuesday,20:45,58.0,10615,23.8,4348,11.1,2035,7.0,1275,,,0.1,27,81.8,"14,963","18,300"
2019-10-02,Wednesday,7:45,69.4,10664,21.8,3354,5.0,764,3.7,566,,,,,91.2,"14,018","15,348"
2019-10-02,Wednesday,20:45,61.7,10705,23.5,4085,2.6,445,12.0,2091,,,0.2,27,85.2,"14,790","17,353"
2019-10-03,Thursday,8:45,66.3,10724,20.0,3235,1.3,211,12.2,1976,,,0.2,27,86.3,"13,959","16,173"
2019-10-03,Thursday,15:45,64.4,10701,27.7,4612,4.0,672,3.2,526,0.5,87,0.2,27,92.1,"15,313","16,625"
2019-10-03,Thursday,20:45,62.4,10655,26.8,4569,2.8,474,7.9,1355,,,0.2,27,89.2,"15,224","17,080"
2019-10-04,Friday,8:45,64.8,10717,23.5,3886,2.2,361,9.4,1551,,,0.2,26,88.3,"14,603","16,541"
2019-10-04,Friday,13:45,64.0,10718,24.8,4152,3.8,643,6.3,1050,0.9,154,0.2,28,88.8,"14,870","16,645"
2019-10-04,Friday,20:45,65.3,10736,27.8,4566,3.8,619,3.1,502,,,0.2,27,93.1,"15,302","16,450"
2019-10-05,Saturday,7:45,73.7,10744,19.6,2864,0.8,119,5.8,849,,,,,93.3,"13,608","14,576"
2019-10-05,Saturday,12:45,68.4,10740,19.4,3047,0.8,120,9.0,1406,2.5,394,,,87.8,"13,787","15,707"
2019-10-05,Saturday,20:45,64.4,10679,20.7,3435,2.1,341,12.8,2130,,,,,85.1,"14,114","16,585"
2019-10-06,Sunday,7:45,72.4,10134,20.1,2801,8.0,115,6.4,885,,,,,92.5,"12,935","13,935"
2019-10-06,Sunday,12:45,65.2,10724,19.8,3254,2.0,336,12.2,2006,0.7,121,,,85.0,"13,978","16,441"
2019-10-06,Sunday,20:45,63.9,10745,25.8,4338,3.5,594,6.8,1138,,,,,89.7,"15,083","16,815"
2019-10-07,Monday,6:45,74.1,10406,20.0,2803,1.6,221,4.2,593,,,0.2,23,94.1,"13,209","14,046"
2019-10-07,Monday,12:45,65.4,10688,21.3,3484,4.8,782,7.2,1169,1.1,184,0.2,35,86.7,"14,172","16,342"
2019-10-07,Monday,20:45,63.1,10693,25.1,4263,7.5,1270,4.1,695,,,0.2,34,88.2,"14,956","16,955"
2019-10-08,Tuesday,7:45,71.0,10710,20.5,3090,5.0,751,3.3,496,,,0.2,35,91.5,"13,800","15,082"
2019-10-08,Tuesday,12:45,68.0,10713,22.1,3478,6.0,939,1.7,274,2.0,312,0.2,35,90.1,"14,191","15,751"
2019-10-08,Tuesday, 20:45,65.5,10684,24.9,4060,4.3,706,5.0,820,,,0.2,35,90.4,"14,744","16,305"
2019-10-09,Wednesday,7:45,69.2,10726,19.9,3089,2.5,388,8.1,1258,,,0.2,30,89.1,"13,815","15,491"
2019-10-09,Wednesday,20:45,62.0,10701,21.2,3665,5.7,979,10.8,1876,,,0.2,36,83.2,"14,366","17,248"
2019-10-10,Thursday,6:45,73.8,10723,18.5,2694,1.4,201,6.1,888,,,,,92.3,"13,417","14,506"
2019-10-10,Thursday,10:45,67.5,10710,22.9,3632,1.2,198,7.0,1109,1.2,191,0.2,37,90.4,"14,342","15,877"
2019-10-10,Thursday,20:45,60.8,10717,23.9,4217,3.7,654,11.5,2021,,,0.2,32,84.7,"14,934","17,641"
2019-10-11,Friday,6:45,72.9,10730,17.8,2619,1.3,198,7.9,1165,,,,,90.7,"13,349","14,712"
2019-10-11,Friday,12:45,65.7,10720,20.2,3290,2.2,356,10.0,1634,1.7,280,0.2,28,85.9,"14,010","16,308"
2019-10-11,Friday,20:45,60.8,10714,19.7,3480,1.1,196,18.3,3219,,,0.2,27,80.5,"14,194","17,636"
2019-10-12,Saturday,6:45,76.3,10682,18.9,2639,0.8,114,4.0,563,,,,,95.2,"13,321","13,998"
2019-10-12,Saturday,12:45,65.6,10672,19.8,3216,0.7,116,12.8,2074,1.1,184,,,85.4,"13,888","16,262"
2019-10-12,Saturday,17:45,65.4,10660,20.9,3399,0.8,130,12.4,2017,0.6,90,,,86.3,"14,059","16,296"
2019-10-15,Tuesday,7:00,70.5,10751,25.6,3807,2.7,417,1.0,151,,,0.1,20,96.1,"14,658","15,246"
2019-10-15,Tuesday,13:00,67.2,10706,23.8,3790,4.8,767,2.7,430,1.1,180,0.4,58,91.0,"14,496","15,931"
2019-10-15,Tuesday,21:00,63.1,10740,22.8,3884,5.2,892,8.5,1446,,,0.3,55,85.9,"14,624","17,017"
2019-10-16,Wednesday,7:00,68.7,10734,19.2,3000,1.7,269,10.0,1598,,,0.2,25,87.9,"13,734","15,626"
2019-10-16,Wednesday,14:00,60.4,10559,23.9,4185,2.5,437,12.8,2246,0.1,26,0.2,36,84.3,"14,744","17,489"
2019-10-16,Wednesday,13:45,60.7,10607,23.3,4066,2.4,417,13.3,2315,0.2,29,0.2,37,84.0,"14,673","17,471"
2019-10-16,Wednesday,20:45,59.5,10733,21.1,3809,3.5,638,15.6,2817,,,0.2,35,80.6,"14,542","18,032"
2019-10-17,Thursday,6:45,70.6,10738,18.3,2791,1.6,246,9.4,1428,,,,,88.9,"13,529","15,203"
2019-10-17,Thursday,15:45,60.5,10636,21.6,3798,1.5,269,15.5,2725,0.6,114,0.2,34,82.1,"14,434","17,576"
2019-10-17,Thursday,20:45,58.3,10654,24.5,4476,2.1,387,14.8,2697,,,0.3,53,82.8,"15,130","18,267"
2019-10-18,Friday,6:45,70.7,10670,20.9,3149,1.3,201,6.9,1045,,,,,91.6,"13,819","15,065"
2019-10-18,Friday,12:45,64.5,10655,24.9,4116,5.2,864,3.3,551,1.8,292,0.2,36,89.4,"14,771","16,514"
2019-10-18,Friday,20:45,61.8,10700,28.7,4976,7.8,1356,1.5,260,,,0.2,27,90.5,"15,676","17,319"
2019-10-19,Saturday,6:45,71.8,10397,23.0,3334,0.9,132,4.3,619,,,,,94.8,"13,731","14,482"
2019-10-19,Saturday,15:45,70.2,10705,21.9,3336,2.6,395,2.8,430,2.6,390,,,92.1,"14,041","15,256"
2019-10-19,Saturday,20:45,63.1,10678,26.0,4401,2.8,475,8.0,1357,,,,,89.1,"15,079","16,911"
2019-10-20,Sunday,7:45,72.0,10085,22.2,3113,1.4,203,4.3,609,,,,,94.2,"13,198","14,010"
2019-10-20,Sunday,15:45,70.8,10629,23.4,3512,3.2,483,0.6,85,2.1,309,,,94.2,"14,141","15,017"
2019-10-20,Sunday,20:45,63.8,10657,30.0,5012,5.8,967,0.4,62,,,,,93.8,"15,669","16,698"
2019-10-21,Monday,6:45,73.7,10375,21.0,2954,1.3,185,3.9,543,,,,,94.7,"13,329","14,057"
2019-10-21,Monday,12:45,67.1,10671,21.4,3406,1.7,277,7.5,1186,2.1,332,0.2,27,88.5,"14,077","15,899"
2019-10-21,Monday,20:45,59.4,10701,20.3,3665,3.0,545,17.1,3074,,,0.1,27,79.7,"14,366","18,012"
2019-10-22,Tuesday,6:45,73.0,10385,20.7,2953,2.0,280,4.2,603,,,,,93.7,"13,338","14,221"
2019-10-22,Tuesday,13:45,63.1,10678,20.6,3489,3.2,533,12.4,2098,0.5,90,0.2,26,83.7,"14,167","16,914"
2019-10-22,Tuesday,20:45,60.5,10681,22.9,4037,3.1,545,13.4,2368,,,0.2,27,83.4,"14,718","17,658"
2019-10-23,Wednesday,6:45,72.4,10194,20.4,2870,1.4,198,5.7,804,,,,,92.8,"13,064","14,066"
2019-10-23,Wednesday,12:45,66.7,10676,23.5,3759,3.4,543,5.8,921,0.4,71,0.2,26,90.2,"14,435","15,996"
2019-10-23,Wednesday,20:45,60.6,10716,22.9,4054,3.1,547,13.2,2328,,,0.2,27,83.5,"14,770","17,672"
2019-10-24,Thursday,6:45,72.4,10437,22.0,3172,1.4,199,4.1,598,,,,,94.4,"13,609","14,406"
2019-10-24,Thursday,20:45,62.2,10763,30.0,5196,4.1,701,3.6,621,,,0.2,27,92.2,"15,959","17,308"
2019-10-25,Friday,6:45,72.1,10438,23.5,3398,2.3,337,1.9,282,,,,,95.6,"13,836","14,455"
2019-10-25,Friday,14:45,66.8,10730,24.9,3993,5.8,934,1.2,192,1.1,178,0.2,26,91.7,"14,723","16,053"
2019-10-25,Friday,20:45,63.6,10727,29.4,4958,5.4,913,1.4,240,,,0.2,27,93.0,"15,685","16,865"
2019-10-26,Saturday,6:45,72.0,10156,23.6,3328,1.9,268,2.5,348,,,,,95.6,"13,484","14,100"
2019-10-26,Saturday,15:45,71.0,10451,22.4,3291,1.8,266,3.5,518,1.3,184,,,93.4,"13,742","14,710"
2019-10-26,Saturday,20:45,67.3,10728,22.4,3569,1.2,186,9.4,1447,,,,,89.7,"14,297","15,930"
2019-10-27,Sunday,7:45,69.9,9885,22.7,3213,0.8,111,6.6,931,,,,,92.6,"13,098","14,140"
2019-10-27,Sunday,12:45,66.6,10668,22.5,3600,0.7,111,10.1,1610,0.2,25,,,89.1,"14,268","16,014"
2019-10-27,Sunday,20:45,63.2,10702,24.6,4161,0.7,116,11.6,1966,,,,,87.8,"14,863","16,945"
2019-10-28,Monday,6:45,70.9,10125,25.2,3595,0.9,129,3.0,430,,,,,96.1,"13,720","14,279"
2019-10-28,Monday,12:45,68.0,10718,24.7,3897,1.6,256,3.6,571,2.0,320,,,92.7,"14,615","15,762"
2019-10-28,Monday,20:45,63.7,10763,29.9,5055,3.2,548,3.2,534,,,,,93.6,"15,818","16,900"
2019-10-29,Tuesday,7:45,65.2,9943,23.7,3619,1.7,266,9.4,1428,,,,,88.9,"13,562","15,256"
2019-10-29,Tuesday,12:45,62.5,10013,24.9,3986,3.4,540,8.0,1287,1.3,207,,,87.4,"13,999","16,033"
2019-10-29,Tuesday,20:45,60.2,10020,30.1,5010,3.9,656,5.7,943,,,0.2,25,90.3,"15,030","16,654"
2019-10-30,Wednesday,6:45,70.7,10027,23.1,3270,3.4,485,2.7,380,,,,,93.8,"13,297","14,162"
2019-10-30,Wednesday,12:45,62.9,10026,28.2,4497,6.0,955,2.0,318,0.8,120,0.2,26,91.1,"14,523","15,942"
2019-10-30,Wednesday,20:45,61.3,10027,26.3,4302,3.3,533,8.9,1461,,,0.2,27,87.6,"14,329","16,350"
2019-10-31,Thursday,7:45,65.3,10033,25.4,3901,4.5,694,4.7,717,,,0.1,22,90.7,"13,934","15,367"
2019-10-31,Thursday,15:45,58.7,10008,24.1,4106,5.2,880,11.7,1991,0.2,40,0.2,26,82.8,"14,114","17,051"
2019-10-31,Thursday,20:45,58.3,10046,26.5,4560,1.7,287,13.5,2320, ,,0.2,27,84.8,"14,606","17,240"
2019-11-01,Friday,8:45,58.5,10017,23.6,4038,1.5,257,16.2,2773,,,0.2,29,82.1,"14,055","17,114"
2019-11-01,Friday,13:45,57.1,10019,23.4,4101,3.8,673,14.8,2602,0.7,118,0.2,38,80.5,"14,120","17,551"
2019-11-01,Friday,20:45,57.9,10021,31.2,5389,5.9,1023,4.8,838,,,0.2,27,89.1,"15,410","17,298"
2019-11-02,Saturday,8:45,65.6,10037,21.2,3252,1.2,188,12.0,1830,,,,,86.8,"13,289","15,307"
2019-11-02,Saturday,12:45,58.6,10035,26.9,4602,1.1,187,13.1,2241,0.4,61,,,85.5,"14,637","17,126"
2019-11-02,Saturday,20:45,58.3,10026,28.0,4807,1.1,192,12.6,2170,,,,,86.3,"14,833","17,195"
2019-11-03,Sunday,7:45,67.0,10028,21.5,3221,1.3,195,10.2,1531,,,,,88.5,"13,249","14,975"
2019-11-03,Sunday,12:45,61.7,10018,21.3,3460,4.4,716,11.3,1839,1.2,200,,,83.0,"13,478","16,233"
2019-11-03,Sunday,20:45,59.4,10014,29.4,4952,5.2,892,6.0,1010,,,,,88.8,"14,966","16,848"
2019-11-04,Monday,6:45,65.2,10013,19.9,3053,1.4,214,13.4,2065,,,,,85.1,"13,066","15,345"
2019-11-04,Monday,12:45,57.0,10007,20.8,3661,1.4,248,19.8,3483,0.7,130,0.2,42,77.8,"13,668","17,571"
2019-11-04,Monday,20:45,54.6,9972,26.2,4794,1.4,258,17.6,3217,,,0.2,27,80.8,"14,766","18,268"
2019-11-05,Tuesday,6:45,67.3,9981,20.9,3105,1.3,188,10.4,1542,,,,,88.2,"13,086","14,816"
2019-11-05,Tuesday,12:45,57.5,9904,21.2,3644,4.5,769,15.8,2723,0.8,143,0.2,27,78.7,"13,548","17,210"
2019-11-05,Tuesday,21:45,57.0,9943,24.5,4278,3.0,530,15.2,2655,,,0.2,27,81.5,"14,221","17,433"
2019-11-06,Wednesday,6:45,67.1,9946,21.9,3248,2.6,387,8.3,1229,,,,,89.0,"13,194","14,810"
2019-11-06,Wednesday,12:45,58.3,9949,22.1,3770,7.4,1270,10.6,1818,1.4,239,0.2,27,80.4,"13,725","17,079"
2019-11-06,Wednesday,20:45,56.0,9933,28.5,5056,7.1,1260,7.3,1288,,,1.1,188,84.5,"14,989","17,725"
2019-11-07,Thursday,6:45,64.4,9929,23.3,3507,3.8,593,8.4,1296,,,,,87.7,"13,526","15,415"
2019-11-07,Thursday,15:45,58.4,9912,26.3,4456,7.8,1329,6.5,1104,0.5,79,0.5,89,84.7,"14,368","16,969"
2019-11-07,Thursday,20:45,54.9,9930,28.6,5174,9.9,1790,5.7,1027,,,0.9,156,83.5,"15,104","18,077"
2019-11-08,Friday,5:45,65.3,9934,22.9,3488,4.4,670,7.2,1098,,,,,88.2,"13,422","15,190"
2019-11-08,Friday,12:45,59.1,9945,27.3,4594,9.6,1610,2.0,332,1.5,255,0.5,91,86.4,"14,539","16,827"
2019-11-08,Friday,20:45,57.0,9970,32.0,5513,7.5,1284,2.0,345,,,0.7,114,89.0,"15,483","17,226"
2019-11-09,Saturday,6:45,67.1,9985,21.4,3182,1.3,193,10.2,1516,,,,,88.5,"13,167","14,876"
2019-11-09,Saturday,12:45,56.8,10001,21.3,3755,1.8,318,19.4,3406,0.7,115,,,78.1,"13,756","17,595"
2019-11-09,Saturday,20:45,56.5,10029,22.7,4035,3.3,581,17.5,3104,,,,,79.2,"14,064","17,749"
2019-11-10,Sunday,7:45,66.6,10027,21.4,3217,1.3,193,10.8,1623,,,,,88.0,"13,244","15,060"
2019-11-10,Sunday,12:45,60.7,10022,26.8,4425,3.4,565,8.7,1439,0.4,68,,,87.5,"14,447","16,519"
2019-11-10,Sunday,20:45,59.8,10014,32.3,5403,3.7,612,4.2,702,,,,,92.1,"15,417","16,731"
2019-11-11,Monday,6:45,69.9,10009,23.4,3350,2.2,312,4.3,619,,,0.2,30,93.3,"13,359","14,320"
2019-11-11,Monday,12:45,56.2,10029,26.9,4806,6.8,1222,9.3,1654,0.2,33,0.7,117,83.1,"14,835","17,861"
2019-11-11,Monday,20:45,51.4,10032,28.3,5526,8.2,1606,11.8,2304,,,0.3,49,79.7,"15,558","19,517"
2019-11-12,Tuesday,6:45,62.4,10039,23.5,3771,7.2,1163,6.6,1055,,,0.3,48,85.9,"13,810","16,076"
2019-11-12,Tuesday,12:45,54.8,9938,22.2,4017,13.5,2444,8.5,1542,,,0.9,161,77.0,"13,955","18,102"
2019-11-12,Tuesday,20:45,48.6,9594,24.5,4834,15.3,3013,10.6,2092,,,1.1,221,73.1,"14,428","19,754"
2019-11-13,Wednesday,6:45,58.4,9593,23.7,3894,12.0,1975,5.5,899,,,0.3,55,82.1,"13,487","16,416"
2019-11-13,Wednesday,12:45,51.3,9562,22.3,4164,22.3,4160,3.1,573,0.3,52,0.8,142,73.6,"13,726","18,653"
2019-11-13,Wednesday,20:45,44.5,9119,25.0,5118,18.9,3864,10.7,2196,,,0.9,177,69.5,"14,237","20,474"
2019-11-14,Thursday,7:45,49.4,9112,24.2,4468,16.8,3093,9.5,1742,,,,,73.6,"13,580","18,415"
2019-11-14,Thursday,15:45,50.1,9104,23.3,4233,18.1,3286,7.3,1334,,,1.1,205,73.4,"13,337","18,162"
2019-11-14,Thursday,20:45,47.7,9107,24.3,4644,14.8,2830,12.6,2410,,,0.6,110,72.0,"13,751","19,101"
2019-11-15,Friday,7:45,54.3,9100,22.1,3698,4.8,810,18.7,3138,,,,,76.4,"12,798","16,746"
2019-11-15,Friday,12:45,50.1,9073,23.9,4337,10.7,1930,14.5,2627,0.4,67,0.5,85,74.0,"13,410","18,119"
2019-11-15,Friday,20:45,48.3,9106,26.4,4975,15.5,2914,9.4,1763,,,0.4,83,74.7,"14,081","18,841"
2019-11-16,Saturday,6:45,58.5,9100,22.0,3431,6.2,971,13.3,2063,,,,,80.5,"12,531","15,565"
2019-11-16,Saturday,12:45,54.5,9100,24.7,4124,9.1,1511,9.1,1520,1.9,311,0.7,117,79.2,"13,224","16,683"
2019-11-16,Saturday,20:45,50.7,9110,27.1,4877,6.7,1210,15.2,2728,,,0.3,56,77.8,"13,987","17,981"
2019-11-17,Sunday,7:45,57.6,9095,24.8,3912,6.3,988,11.4,1801,,,,,82.4,"13,007","15,796"
2019-11-17,Sunday,13:45,56.6,9092,25.5,4095,11.7,1877,3.7,596,2.2,357,0.4,60,82.1,"13,187","16,077"
2019-11-17,Sunday,20:45,49.1,9108,26.5,4810,17.0,3161,7.4,1366,,,,,75.6,"14,018","18,545"
2019-11-18,Monday,6:45,58.6,9118,23.8,3699,15.3,2380,2.3,353,,,,,82.4,"12,817","15,550"
2019-11-18,Monday,12:45,49.1,9124,22.8,4235,24.0,4449,2.6,478,0.7,131,0.8,155,71.9,"13,359","18,572"
2019-11-18,Monday,20:45,48.8,9298,25.0,4768,22.9,4367,2.4,463,,,0.8,160,73.8,"14,066","19,056"
2019-11-19,Tuesday,6:45,61.3,9784,24.5,3919,13.1,2088,1.1,170,,,,,85.8,"13,703","15,961"
2019-11-19,Tuesday,12:45,54.4,9707,22.9,4076,20.8,3706,,,1.3,223,0.5,98,77.3,"13,783","17,810"
2019-11-19,Tuesday,20:45,52.7,9789,25.5,4733,20.8,3873,0.1,27,,,0.8,156,78.2,"14,522","18,578"
2019-11-20,Wednesday,7:45,59.3,9807,24.7,4087,13.4,2218,2.2,268,,,0.4,61,84.0,"13,894","16,541"
2019-11-20,Wednesday,12:45,56.8,9802,24.6,4254,14.6,2514,2.3,391,0.8,136,1.0,174,81.4,"14,056","17,271"
2019-11-20,Wednesday,20:45,53.4,9805,25.4,4657,18.9,3465,1.4,265,,,0.9,166,78.8,"14,462","18,358"
2019-11-21,Thursday,6:45,65.8,9810,21.3,3174,4.7,706,7.8,1169,,,0.4,55,87.1,"12,984","14,914"
2019-11-21,Thursday,18:45,51.2,9804,21.8,4179,5.3,1010,21.5,4122,,,,,73.0,"13,983","19,115"
2019-11-22,Friday,8:45,54.0,9821,21.0,3827,2.9,527,21.9,3980,,,0.1,26,75.0,"13,643","18,176"
2019-11-22,Friday,13:45,54.0,9949,20.3,3739,8.8,1618,16.1,2966,0.8,143,0.1,26,74.3,"13,688","18,441"
2019-11-22,Friday,20:45,56.2,9963,24.3,4319,11.6,2060,7.7,1370,,,0.2,27,80.5,"14,282","17,739"
2019-11-23,Saturday,7:45,62.3,10033,21.9,3522,6.6,1058,9.2,1486,,,,,84.2,"13,555","16,099"
2019-11-23,Saturday,12:45,60.0,9978,23.1,3844,7.5,1248,7.8,1304,1.6,265,,,83.1,"13,822","16,639"
2019-11-23,Saturday,20:45,61.8,10037,26.9,4379,6.4,1037,4.9,797,,,,,88.7,"14,416","16,250"
2019-11-24,Sunday,7:45,65.5,10045,24.1,3690,2.0,314,8.4,1287,,,,,89.6,"13,735","15,336"
2019-11-24,Sunday,12:45,62.5,9983,22.3,3564,2.7,435,10.7,1703,1.9,300,,,84.8,"13,547","15,985"
2019-11-24,Sunday,20:45,54.8,10029,25.1,4599,2.9,539,17.1,3121,,,,,79.9,"14,628","18,288"
2019-11-25,Monday,6:45,66.9,10013,22.9,3429,2.2,335,7.8,1174,,,,,89.8,"13,442","14,951"
2019-11-25,Monday,12:45,57.0,10005,25.4,4451,7.3,1277,9.1,1592,1.1,195,0.2,27,82.4,"14,456","17,547"
2019-11-25,Monday,20:45,56.8,10033,22.4,3963,6.5,1153,14.2,2503, , ,0.2,26,79.2,"13,996","17,678"
2019-11-26,Tuesday,6:45,62.0,10044,18.4,2980,5.6,908,13.9,2253,,,,,80.4,"13,024","16,185"
2019-11-26,Tuesday,12:45,61.2,10014,26.6,4356,8.2,1338,2.2,361,1.6,254,0.2,27,87.8,"14,370","16,346"
2019-11-26,Tuesday,20:45,58.6,10039,27.5,4702,9.6,1646,4.2,713,,,0.2,27,86.1,"14,741","17,127"
2019-11-27,Wednesday,7:45,58.5,10037,20.8,3577,1.9,320,18.7,3204,,,,,79.3,"13,614","17,138"
2019-11-27,Wednesday,15:45,52.6,9921,22.6,4260,5.0,937,19.4,3665,0.4,67,,,75.2,"14,181","18,850"
2019-11-27,Wednesday,20:45,53.2,10288,22.4,4326,3.6,698,20.6,3990,,,,,75.6,"14,614","19,302"
2019-11-28,Thursday,6:45,64.1,10244,24.7,3951,3.1,500,8.0,1281,,,,,88.8,"14,195","15,976"
2019-11-28,Thursday,19:45,56.4,10542,26.8,5010,9.0,1683,7.7,1431,,,0.1,26,83.2,"15,552","18,692"
2019-11-29,Friday,6:45,67.4,10704,24.3,3868,7.7,1228,0.4,66,,,0.2,24,91.7,"14,572","15,890"
2019-11-29,Friday,12:45,60.2,10751,27.0,4817,11.5,2054,0.2,39,0.4,73,0.8,135,87.2,"15,568","17,869"
2019-11-29,Friday,20:45,59.4,10783,28.4,5151,10.5,1914,1.2,210,,,0.5,89,87.8,"15,934","18,147"
2019-11-30,Saturday,6:45,69.7,10691,25.0,3826,1.8,274,3.5,540,,,,,94.7,"14,517","15,331"
2019-11-30,Saturday,12:45,63.9,10826,21.8,3696,7.8,1322,4.8,817,1.7,286,,,85.7,"14,522","16,947"
2019-11-30,Saturday,20:45,59.4,10860,21.5,3933,1.6,291,17.5,3189,,,,,80.9,"14,793","18,273"
2019-12-01,Sunday,6:45,64.0,10827,16.9,2860,1.4,237,17.6,2983,,,,,80.9,"13,687","16,907"
2019-12-01,Sunday,12:45,59.1,10785,24.0,4371,7.2,1316,9.4,1708,0.3,57,,,83.1,"15,156","18,237"
2019-12-01,Sunday,20:45,57.2,10855,24.8,4699,11.8,2232,6.3,1192,,,,,82.0,"15,554","18,978"
2019-12-02,Monday,6:45,65.2,10879,19.7,3281,7.7,1283,7.4,1229,,,,,84.9,"14,160","16,672"
2019-12-02,Monday,13:45,57.1,10893,22.3,4251,12.3,2346,7.5,1427,0.3,60,0.5,87,79.4,"15,144","19,064"
2019-12-02,Monday,20:45,54.3,10882,25.0,5003,13.9,2792,6.2,1236,,,0.6,122,79.3,"15,885","20,035"
2019-12-03,Tuesday,6:45,69.3,10868,23.0,3604,5.9,919,1.8,286,,,,,92.3,"14,472","15,677"
2019-12-03,Tuesday,12:45,58.3,10885,24.0,4482,12.9,2402,3.4,636,0.8,145,0.6,121,82.3,"15,367","18,671"
2019-12-03,Tuesday,20:45,55.4,10884,25.9,5092,10.6,2088,7.3,1430,,,0.7,138,81.3,"15,976","19,632"
2019-12-04,Wednesday,6:45,66.1,10883,19.7,3239,5.8,949,8.1,1339,,,0.3,53,85.8,"14,122","16,463"
2019-12-04,Wednesday,15:45,57.3,10752,20.1,3774,10.8,2023,11.0,2071,0.1,27,0.5,102,77.4,"14,526","18,749"
2019-12-04,Wednesday,20:45,55.8,10878,23.8,4629,5.9,1144,14.0,2730,,,0.6,108,79.6,"15,507","19,489"
2019-12-05,Thursday,6:45,62.4,10903,19.1,3333,5.4,946,13.0,2263,,,,,81.5,"14,236","17,445"
2019-12-05,Thursday,15:45,57.4,10893,23.2,4398,7.7,1458,10.8,2049,0.5,88,0.5,97,80.6,"15,291","18,983"
2019-12-05,Thursday,20:45,57.8,10884,25.8,4846,13.7,2575,2.0,368,,,0.8,143,83.6,"15,730","18,816"
2019-12-06,Friday,6:45,64.9,10886,23.4,3922,3.3,550,8.3,1397,,,,,88.3,"14,808","16,755"
2019-12-06,Friday,12:45,58.6,10787,23.6,4341,6.3,1162,10.7,1976,,,0.6,109,82.2,"15,128","18,375"
2019-12-06,Friday,20:45,57.4,10867,23.5,4446,4.7,882,14.1,2672,,,0.4,79,80.9,"15,313","18,946"
2019-12-07,Saturday,6:45,68.0,10805,23.4,3710,4.7,742,4.0,629,,,,,91.4,"14,515","15,886"
2019-12-07,Saturday,14:45,65.2,10806,24.7,4092,7.5,1235,1.7,285,0.8,140,,,89.9,"14,898","16,558"
2019-12-07,Saturday,20:45,60.6,10854,23.4,4191,8.2,1464,7.8,1395,,,,,84.0,"15,045","17,904"
2019-12-08,Sunday,7:45,63.7,10865,18.6,3206,1.8,315,16.4,2819,,,,,82.3,"14,071","17,205"
2019-12-08,Sunday,12:45,58.2,10866,17.2,3207,2.1,387,21.9,4087,0.6,113,,,75.4,"14,073","18,660"
2019-12-08,Sunday,20:45,54.9,10873,23.2,4589,1.1,219,20.8,4126,,,,,78.1,"15,462","19,807"
2019-12-09,Monday,6:45,67.2,10892,20.9,3391,1.6,258,10.3,1666,,,,,88.1,"14,283","16,207"
2019-12-09,Monday,12:45,57.0,10878,24.0,4580,1.9,364,16.7,3186,0.2,39,,,81.0,"15,458","19,047"
2019-12-09,Monday,20:45,55.5,10888,23.5,4617,1.2,227,19.7,3871,,,,,79.0,"15,505","19,603"
2019-12-10,Tuesday,6:45,68.6,10889,21.0,3339,1.4,224,8.9,1407,,,,,89.6,"14,228","15,859"
2019-12-10,Tuesday,13:45,62.0,10885,22.8,4004,5.7,995,9.1,1593,0.4,63,0.2,27,84.8,"14,889","17,567"
2019-12-10,Tuesday,20:45,55.9,10886,26.3,5116,10.5,2037,7.3,1420,,,,,82.2,"16,002","19,459"
2019-12-11,Wednesday,6:45,61.2,10001,23.7,3870,2.2,359,12.8,2088,,,,,84.9,"13,871","16,318"
2019-12-11,Wednesday,12:45,51.0,9994,21.6,4242,7.1,1399,19.7,3858,0.4,77,,,72.6,"14,236","19,570"
2019-12-11,Wednesday,20:45,49.9,10232,23.3,4781,11.6,2390,14.7,3018,,,0.5,101,73.2,"15,013","20,522"
2019-12-12,Thursday,6:45,62.7,10625,23.5,3989,11.0,1866,2.6,446,,,,,86.2,"14,614","16,926"
2019-12-12,Thursday,20:45,53.8,10727,22.8,4549,4.4,882,18.6,3705,,,0.4,84,76.6,"15,276","19,947"
2019-12-13,Friday,6:45,62.3,10776,18.6,3214,4.6,795,14.4,2491,,,,,80.9,"13,990","17,276"
2019-12-13,Friday,12:45,57.3,10691,22.4,4175,9.8,1824,9.0,1678,1.1,203,0.5,85,79.7,"14,866","18,657"
2019-12-13,Friday,20:45,58.6,10745,27.0,4954,6.9,1271,7.0,1274,,,0.4,81,85.6,"15,699","18,325"
2019-12-14,Saturday,6:45,69.4,10745,25.1,3888,3.3,512,2.2,346,,,,,94.5,"14,633","15,491"
2019-12-14,Saturday,12:45,60.1,10736,25.3,4510,9.6,1714,3.9,696,0.2,27,1.0,173,85.4,"15,246","17,856"
2019-12-14,Saturday,20:45,59.1,10784,22.5,4109,1.8,332,16.2,2951,,,0.3,56,81.6,"14,893","18,232"
2019-12-15,Sunday,6:45,67.8,10775,19.6,3118,0.9,148,11.6,1845,,,,,87.4,"13,893","15,886"
2019-12-15,Sunday,12:45,58.5,10766,21.8,4024,4.1,750,15.1,2781,0.5,93,,,80.3,"14,790","18,414"
2019-12-15,Sunday,20:45,59.7,10760,26.6,4788,9.2,1663,4.4,797,,,,,86.3,"15,548","18,008"
2019-12-16,Monday,6:45,66.0,10786,22.4,3665,9.5,1557,1.9,314,,,,,88.4,"14,451","16,322"
2019-12-16,Monday,12:45,59.1,10810,22.7,4154,15.6,2854,1.8,295,0.8,143,0.1,26,81.8,"14,964","18,282"
2019-12-16,Monday,20:45,54.9,10785,24.5,4803,17.2,3369,2.8,546,,,0.7,133,79.4,"15,588","19,636"
2019-12-17,Tuesday,6:45,67.3,10758,21.4,3414,7.9,1257,3.4,546,,,,,88.7,"14,172","15,975"
2019-12-17,Tuesday,12:45,57.9,10756,23.6,4376,12.9,2403,5.3,986,0.2,31,,,81.5,"15,132","18,552"
2019-12-17,Tuesday,1:45,64.3,10741,19.6,3282,1.7,288,14.3,2390,,,,,83.9,"14,023","16,701"
2019-12-18,Wednesday,6:45,61.7,10673,19.1,3311,5.6,975,13.4,2318,,,,,80.8,"13,984","17,277"
2019-12-18,Wednesday,13:45,55.9,10617,19.1,3628,9.8,1867,14.6,2763,0.4,83,0.1,27,75.0,"14,245","18,985"
2019-12-18,Wednesday,20:45,49.5,10499,23.8,5045,13.6,2881,12.6,2666,,,0.5,98,73.3,"15,544","21,189"
2019-12-19,Thursday,6:45,54.7,9949,20.8,3775,20.6,3735,2.9,533,,,1.0,180,75.5,"13,724","18,172"
2019-12-19,Thursday,20:45,46.1,9945,26.0,5611,23.9,5149,3.2,687,,,0.8,180,72.1,"15,556","21,572"
2019-12-20,Friday,6:45,54.5,9957,20.5,3749,19.8,3623,5.1,933,,,,,75.0,"13,706","18,262"
2019-12-20,Friday,13:45,52.5,10003,23.3,4437,16.1,3075,6.4,1228,1.1,213,0.5,91,75.8,"14,440","19,047"
2019-12-20,Friday,20:45,49.4,10405,24.3,5109,17.5,3687,8.2,1733,,,0.6,122,73.7,"15,514","21,056"
2019-12-21,Saturday,6:45,65.9,10681,20.9,3395,4.6,752,8.5,1377,,,,,86.8,"14,076","16,205"
2019-12-21,Saturday,12:45,57.4,10672,24.5,4548,11.0,2048,6.4,1193,0.7,124,,,81.9,"15,220","18,585"
2019-12-21,Saturday,9:00,55.2,10759,21.0,4100,6.6,1292,17.2,3345,,,,,76.2,"14,859","19,496"
2019-12-22,Sunday,7:45,64.0,10752,18.1,3040,1.1,187,16.8,2819,,,,,82.1,"13,792","16,798"
2019-12-22,Sunday,12:45,62.0,10775,21.6,3748,1.1,187,13.8,2403,1.5,256,,,83.6,"14,523","17,369"
